高中历史教师,"高中
语文
历史
教学活动组织
教学质量提升
家校沟通
英语"
初中历史教师（坐班/单休）,"教师
集体授课
全职
培训机构
线下授课
初中教育
私立学校
公立学校"
历史文案策划,"历史
新闻类"
教育培训机构招聘初中历史老师数名,历史
初中道法历史老师,"历史
政治
初中
高中
线下授课
一对一授课
授课老师
家教
教师"
助理研究员（中国历史研究院澳门历史研究中心）-横琴研究院,"图书
杂志
文字编辑
香山文化
澳门学
活动组织统筹
期刊
审校"
景区演员运营管理,"演出宣传
场地协调
日程安排"
演员模特,演员
舞蹈演员,"舞蹈
中国舞
民族舞
流行舞"
演员/产品展示6000+,"演员
短视频演员"
给演员送小物件/提供车住吃/配送员,会骑电动车
短视频演员,演员
短视频口播演员,演员
角色演员/NPC演绎岗,"短视频演员
密室逃脱演员
NPC演绎"
脱口秀演员,演员
美区引流短视频演员｜全职保底八千/可兼职,"短视频演员
网剧演员
舞蹈演员"
兼职演员,"演员
群众演员
戏剧演员
话剧演员
短视频演员"
短剧跟组演员（小白可冲）,"短视频演员
电视剧演员
电影演员
网剧演员"
配音演员,演员
礼仪接待充场演员/可提供住宿/可兼职/日结,"无需任何经验
可提供住宿
兼职全职都可以
模特
礼仪接待"
短视频群众演员,"演员
舞蹈演员
话剧演员
短视频演员"
短剧有声小说短视频配音演员,"电台配音
有声书配音
广播剧配音
游戏配音
广告配音
课件配音
成熟稳重
温柔甜美
御姐音
萝莉音"
接待人员充场演员/日结/可兼职/无需经验,"无需经验
可提供住宿
形象岗
日结薪资可兼职可全职"
艺人助理转舞蹈演员包吃住7k,"模特助理
演员助理
全职兼职均可
接受短期
提供培训
可盖实习章"
驻场演出模特演员,"模特
礼仪模特
T台模特"
汉服演员模特,"模特
礼仪模特
T台模特"
皮套演员,"演员
游乐园演员
舞台剧"
短剧新人演员（轻松入行+管吃住）,短视频演员
汉服旗袍晚礼服模特演员,"模特
T台模特
礼仪模特"
3-5W办案律师提供全部案源,"诉讼
非诉讼
民商事类业务
刑事类业务
劳动纠纷
婚姻家庭纠纷
合同事务
律师执业证
A类法律职业资格证"
提成律师,律师执业证
执业律师,律师
实习律师,"诉讼
非诉讼
民商事类业务
刑事类业务
涉外法律业务"
合伙人律师（高级）,"诉讼
非诉讼
律师执业证
A类法律职业资格证"
律所谈案律师（首月保底1W）,"诉讼
非诉讼
民商事类业务
刑事类业务
司法仲裁
劳动纠纷
合同事务
知识产权业务
律师执业证
购买社保
上班时间自由"
授薪律师（牡丹江）,律所
律师助理,"行政类业务
律师事务所
法学专业"
律师,"律所
律师执业证
有案源"
就业产品经理,"软件产品
AI产品
大模型产品"
互联网产品经理,"软件产品
AI产品
数据产品
数据治理产品
数据后台产品
数据中台产品
ERP系统
CRM系统
OA系统"
产品经理,"工业自动化
电子元器件
传感器
编码器
连接器
总线模块"
驻场产品经理,软件产品
初级产品经理,"Axure
墨刀"
教学仪器产品经理,硬件产品
产品经理(医疗大健康),"需求分析
产品运营
产品设计
软件产品
增长产品
商业化产品"
水下设备产品经理,硬件产品
汽车行业产品经理,
b端产品经理,"AI产品
数据产品"
连锁产品官,
非标产品经理,"Axure
MINDMANAGER
原型设计
项目管理工具
Sketch"
机械产品经理,"机械设计
产品全周期管理"
会员产品经理,"会员产品
增长产品
策略产品
营销产品"
天津国网客服中心-驻场产品经理岗,"数据产品
AI产品
NLP产品
智能问答产品
大模型产品"
高级产品经理- B端业务平台,"AI产品
电商产品"
日化产品经理,精细化工产品
无创通气产品经理(J10320),无创通气呼吸机
营销数字化平台经理(J11115),
海外产品经理,硬件产品
心理学产品主管,
生信产品经理,产品经理
产品线负责人（产品经理）,机械设计
高级产品经理（皮科）(J11170),
产品经理/产品工程师（车服方向）,软件产品
数字化产品经理,"汽车行业质量领域从业背景
汽车质量领域业务管理及数字化技术"
无损检测设备产品经理,硬软件结合产品
产品开发经理（宠物、家畜疫苗）,"家畜疫苗
宠物疫苗"
产品推广经理,工业产品
人事行政助理,"招聘
行政及后勤
一建、二建"
物业项目人事行政专员（单休）,"招聘
员工关系"
坐岗人力资源专员6000~10000/月,招聘
高级人事行政专员,
人力资源专员,"招聘
人事培训
企业文化"
"招聘实习生（BASE天津,长期实习，可开证明，导师带教）",招聘
人力资源助理,"招聘
规章制度
绩效管理"
天津西青急聘人事专员，舒适办公+高薪等你来,"招聘
0经验有人带
包住
上八晚五
一人一台电脑
免费提供账号"
6个月 HR Assistant（Dispatch）人力资源助理（派遣岗）,HR
人力专员,员工关系
各大企业都在裁员与其找工作不如帮别人推荐工作永远也不失业助力企业发展,"实习生
全职兼职
日结工
铲车
叉车
焊工
长白班
坐岗
文员双休"
养老院文员,"员工关系
薪酬福利
人力资源管理员"
董事会专员,"员工关系
绩效管理
薪酬福利
组织发展类
团队管理
项目管理"
行政人事专员(J10029),"招聘
员工关系
组织发展"
HR实习生(A113294),"招聘
企业文化"
远程兼职人事助理,
综合管理实习生,在校生实习
背调专员,"员工关系
招聘"
办公室人事专员,
人事助理,
医美电商平面设计专员,
平面设计,平面设计
广告设计师,"PS
AI
3D MAX
广告设计
方案设计"
ppt设计师,"设计师
兼职"
电商视觉设计实习生,PS
平面设计师（微博主题装扮）,"排版设计
UI设计
VI设计
PS
手绘板
Q版"
影视平面设计助理,"VI设计
广告设计
UI设计"
女装电商平面设计师,"PS
AI"
平面设计（残疾人岗位）,"视觉设计
延展设计
图案设计
品牌设计
PS
全职"
品牌视觉传达（偏运营方向）,"PS
AI
CDR"
文创设计师实习生,"文创
绘画
手绘
动画"
设计兼职20/h,"平面设计
品牌设计
广告设计
包装设计
PS
AI"
餐饮设计师,"方案设计
VI设计
包装设计
手绘板"
平面设计人员,"PS
CAD
AI"
商业平面设计岗,平面设计
文创设计师（天津）,"PS
AI
CAD
包装设计"
平面设计师助理,"AI
PS
CAD
方案设计
广告设计"
CAD平面设计师,"CAD
平面设计
施工图、效果图
设计师
视觉设计
美工"
品牌视觉设计师,"PS
AI
AE"
平面设计兼运维专员,"排版设计
方案设计
UI设计
PS
AI
CAD"
电动车贴花设计,"PS
AI
CDR"
资深平面设计师,方案设计
文员设计助理,"IT/互联网
电子商务
游戏
包装设计
品牌设计
VI设计
影视行业
广告业"
自行车贴花设计,包装设计
文创产品设计,广告设计
服装品牌视觉设计师,方案设计
展示设计师,"视觉设计
户外广告设计
景观设计
延展设计"
图文广告设计,"包装设计
户外广告设计
印刷广告设计
视频广告设计"
应届毕业生3D设计,"视觉设计
户外广告设计
媒体广告设计
新媒体广告设计"
舞蹈、表演、播音老师,"舞蹈表演播音专业毕业
普通话一级甲等
普通话二级甲等
形体
礼仪
曲艺
话剧
大学教育
线下授课
全职"
国际学校IB MYP初中戏剧表演老师,"艺术教师
话剧
台词
曲艺"
艺术类老师（口才、舞蹈、书法）+五险一金、双休,"普通话二级甲等
普通话一级乙等
普通话一级甲等
少儿口才老师
中国舞老师
硬笔书法老师
播音老师"
少儿口才表演老师,"表演
主持
小学阶段
线下授课
全职兼职均可
普通话一级乙等
口才"
表演老师,表演
播音指导顾问,"大学教育
形体
礼仪
成人教育
线下授课
集体授课
全职兼职均可"
培训老师,台词
服装表演老师,"线下授课
服装表演"
礼仪形体老师,"礼仪
形体
表演专业
礼仪形体老师"
服装表演教师（五险一金+免费吃住）,"高中教育
线下授课"
急聘语言表演教学主管（管食宿）,"表演
口才表演
相声
主持"
双语故事表演教师+双休+五险一金+市中心,"全职
英语
线下授课
集体授课"
英文戏剧老师,线下授课
表演教师,"大学教育
线下授课"
文艺负责人,"集体授课
全职兼职均可"
IP出镜教官（高青校区宣传岗位）,"体育生
退伍军人
表演
播音
讲师
老师"
吉他弹唱 小提琴 民族西洋乐器 歌手 演出演奏员,"器乐演奏
乐器弹唱
流行歌曲"
26届校招南京-素养教师（戏剧表演）,"话剧
礼仪
台词
线下授课"
戏剧影视美术专业方向双师型教师（影视美术、人物造型、舞台灯光设计、舞美小道具制作）,大学教育
儿童模特形体教务老师,集体授课
朗诵表演教师,"话剧
台词
线下授课
集体授课
兼职
普通话一级乙等
普通话二级甲等"
青少年戏剧培训教师,"全职兼职均可
高级青少年戏剧
培训师"
空乘服表老师,"高中教育
形体"
戏曲戏剧老师,"话剧
戏曲
成人教育
线下授课
集体授课
全职兼职均可"
矫治帮教社工,"职位描述
矫治帮教
一、岗位职责
1.开展社区矫正调查评估、入矫解矫、执行地变更、信息化核查等日常监管工作；
2.协助化解社区矫正对象矛盾纠纷，为困难对象申请临时救助、落实社会保障措施；
3.协助组织公益活动，推动社区矫正对象融入社会；
4.完成上级领导交代的其他工作。
二、任职要求
1.法学相关专业本科及以上学历；
2.持助理社会工作师或以上资格证书；
3.具备机动车驾驶资质且驾驶技能熟练；
4.具有社区矫正相关工作经验；
5.组织纪律性与工作责任心强，严格保守工作机密，有较强的责任心和职业素养，无违法犯罪记录。
三、工作地点
光明区"
新现代诚聘项目主任,"职位描述
社区人员管理
社会救助
社区文化管理
社团/组织/社会保障
一、坪山区
社区党群服务中心项目主任
二、岗位职责：
1、负责项目团队日常服务的统筹与项目运营管理工作；
2、制定和推行项目团队、个人年度工作计划安排和总结性工作；
3、负责维护项目相关利益方关系，定期汇报、沟通、协调，维护合作关系；整合资源。
4、负责本团队人员的管理，解决服务中遇到的困难及问题。
5、运用社工专业工作方法向社区居民提供多样化的社区服务，促进社区发展。

三、岗位要求：
1、深圳市注册社会工作者；具有中级社工师及以上职称；
2、社会工作或相关专业（社会学、法学、心理学等）毕业优先，具有本科以上学历；
3、一年以上社工项目主任管理经验；
4、党员优先。

职位福利：五险一金、节日福利、高温补贴、员工旅游、定期体检、带薪年假"
龙华观澜街道社区党群服务中心 一线社工—党员,"职位描述
社区人员管理
居民调解
社区文化管理
岗位职责：
1、坚持社工专业服务理念，实践服务领域使命；
2、根据服务合同要求，负责个案、小组、活动工作开展，完成指标量；
3、统筹社区党群服务中心社工服务项目的全面工作，主要负责中心团队的建设、管理及日常行政事务，包括但不限于中心对外文字材料及信息的撰写、审核、对外交流、领导的接待等；
4、充分有效地整合社会资源，积极协调各方关系，做好用人单位关系维护及团队成员工作的有效监督等。
岗位要求
1、社会工作或相关专业本科或以上学历；
2、持有初级或以上社会工作者资格证，中共党员优先；
3、具有2年以上社会工作实务经验者优先；
4、认同社工价值理念，热爱社会工作，有责任心和爱心，能吃苦耐劳，具有良好的沟通表达及团队管理能力。"
南山区某园区综合管理服务项目社工,"职位描述
社区文化管理
（一）岗位要求
1、社会工作或相关专业（社会学、法学、心理学等）毕业，统招本科及以上学历；具有社会工作实务经验者优先；
2、中共党员优先，持有助理社会工作师及以上资格证书者优先；
3、认同社工价值理念，热爱社会工作，具有高度的责任心和奉献精神。
（二）工作职责
1. 根据园区服务活动安排，组织、策划并执行主题活动；
2. 协助党建服务管理工作，如开展组织党建活动、党建宣传工作等；
3. 协助项目日常运营管理工作、协调服务大厅场地安排等工作；
4. 完成上级部门交办的其他工作；"
服务技术负责人,"职位描述
残障康复
心智障碍
服务品质
服务督导
了解残障领域服务
有公益组织经验
本岗位工作地点：杭州海洋天 堂融合就业服务中心（杭州市上城区/萧山区）
杭州海洋天 堂融合就业服务中心通过社区化服务模式和以个案管理为服务导向，赋能 16 岁以上心智障碍青年并提供ISP个别化支持、职业发展、居家技能提升、社交发展以及艺术疗愈等服务，构建一个城市友好空间及职业训练阵地，充分利用社区及人力资源，共同推动心青年回归社会。
愿景｜爱的海洋，快***
使命｜营造一个家长放心、心青年喜欢的友好空间
价值观｜尊重·爱
【工作内容】
- 负责智障行业服务部的日常运营管理，建立技术专家库，制定并督导年度服务计划落地执行；
- 负责机构工作人员的服务专业培训；
- 负责提供服务需求方的专业评估及咨询；
- 设计符合大龄心智障碍群体及家庭需求的各领域服务指引，推动服务标准化和专业化发展
- 链接服务所需要的社会资源，联动、协同各界共同参与大龄心智障碍服务事业，推动行业发展。
【任职要求】
- 本科以上学历，社会工作、心理学、特教、教育等相关专业，五年以上成年心智障碍者一线服务及三年服务督导经验，Bcaba或Bcba优先考虑；
- 认同杭州海洋天 堂服务理念、愿景、使命和价值观；
- 具备优秀的服务团队管理、协调与组织能力；
- 熟练使用WORD、EXCEL、PPT、思维导图等办公软件。
薪酬待遇：
1.享有国家规定的法定假期，及婚假、产假、陪护假、哺乳假及带薪年假等。
2.提供工作日午餐
应聘方式：
请有意者将个人简历直接通过平台发送，或发送至邮箱（邮件命名为：姓名+应聘岗位+可到岗日期）"
南昌市西湖区街道民政服务站专职社工人员（南站街道）,"职位描述
居民调解
养老助老
社会救助
工作内容：
1.社会救助领域社工服务
协助开展救助对象排查、入户调查、建档访视、需求分析、政策宣传等工作，为社会救助对象提供心理疏导、能力提升、社会融入、资源链接等服务。
2.养老领域的社会工作服务
协助完善社区居家养老服务网络，开展留守、空巢、特困老年人巡访评估、健康服务、精神慰藉、权益保障等服务。
3.儿童领域的社会工作服务
协助对农村留守儿童、孤儿、困境儿童、事实无人抚养儿童等的家庭随访、对象核查、法制宣传、安全和心理健康教育以及其他保护关爱等服务。
4.社会事务领域
协助开展婚姻政策法规宣传、婚姻家庭文化建设、婚姻家庭咨询辅导；宣传殡葬政策法规，引导文明节俭办丧事；开展残疾人家庭排查、需求评估、心理辅导、能力提升、资源链接等服务；为生活无着的流浪乞讨人员特别是返乡和易走失人员提供心理疏导、教育矫治等服务。
5.其他民政领域的社会工作服务
增设社会组织孵化培育和活动场所，培育发展本土社会组织。引导社会工作服务机构和社会工作者链接公益慈善资源。推动志愿服务制度化常态化。促进基层慈善事业各项工作开展。
6. 甲方及有关部门交办的其他临时性工作。
岗位要求：
1、 大专学历以上，45岁以下（江西省民政厅文件规定），具备守纪律、责任心强、善于沟通、吃苦耐劳、胜任本职工作等基本条件。对于个人综合素质或能力特别突出者，可适当放宽学历和年龄要求。
2、热爱社会服务，具有社会责任感、敬业精神及奉献精神，遵守社会服务从业人员专业守则。有社区工作或民政工作相关经验者优先。已考取并持有助理社工师及以上职业资格证优先。
3、能够运用个案管理、小组工作、社区社会工作等各种社工手法，为服务对象开展社会工作服务。
4、能熟练操作PPT、Word、Excel、Office等办公软件。
工作时间：
工作日9:00-17:00 双休（具体时间参照所在街道民政服务站工作时间）
工作地点：
南昌市西湖区南浦、南站、朝农、桃花、九洲等5个街道民政服务站每个街道民政服务站配备2人）"
急聘：朝阳医院全职医务社工1人,"职位描述
能完成医务社工岗位职责
本单位因工作需要，急聘持有社工专业证书、在医院或社区卫生服务中心开展过医务社会工作服务1年及以上的全职医务社工2人，负责从事北京朝阳医院妇产科（工作地点：常营院区1人）、骨科和心理科（工作地点：院本部1人）方向的医务社会工作项目。
（一）工作地点：北京朝阳医院（北京市朝阳区工人体育场南路8号）。
（二）工作时间：周一至周五每天工作8小时；
（三）岗位职责：
面向朝阳医院病人、家属及医护人员提供医务社会工作专业服务，具体工作主要包括：
1.开展相关社会调查，制定全年医务社会工作服务工作计划；
2.运用社会工作理念方法，开展个案服务、小组活动、社区活动；撰写服务方案、活动简报、新闻稿等工作信息及文件；
3.开展有关心理减压、医院特色服务活动，编辑整理相关的社会工作服务手册或其他产出成果文件；
4.组织社会志愿者团队在医院开展各类助医志愿服务，为社会志愿者提供培训、心理减压服务；
5.整合相关社会资源，为患者及医院提供相关帮助及服务;
6.调解医患关系、患患关系，促进医疗环境和谐和睦；
7.定期撰写提交服务记录;
8.及时向项目发起方（中共北京市社会工作部））、落地方（朝阳医院社工科）、管理方(社工事务所）报告发布工作信息；
9.完成医院及事务所委托的其他相关工作。
（四）应聘人员条件：
1.年龄一般在25-35岁之间（个别条件优秀者可放宽到40岁）；
2.身心健康，具有社会工作价值理念，遵纪守法，能遵守各项工作规章制度，按要求完成各项工作任务；
3.社会工作专业本科学历毕业，在一线社会工作者岗位（而非行政、企业、商业工作岗位）工作3年及以上，或者社会工作专业硕士学历毕业，从事社会工作服务1年及以上，持有社会工作师或助理社工师职业资格证书；
3、具有较好的社会工作服务理念及工作专业基础，愿意并能够以个案、小组、社区等工作形式及技巧，为各类服务对象提供专业服务；
4.具有较好的思维及语言沟通能力，能够与患者、家属、医务工作者、社会志愿者、科室领导等相关方较好进行工作沟通；
5.具有较好的社会工作写作及总结工作能力，能够胜任以社会工作的理论方法撰写各种工作策划、实施文件、总结工作经验及模式；
6、满足以上条件情况下，中共党员、具有医务社会工作经验者、本人目前居住地就近者优先录用；
（四）待遇报酬：
1.符合上述应聘资格的，每月 到手工资 约5500-6500元，单位代缴代扣社保、公积金 3015元 左右（其中个人和单位承担的社保、公积金）；
2.每周5天，每天8小时正常工作，一般情况不加班；却因特殊情况少量加班的，可以倒休形式及时补休；
3.医院可提供单位员工集体宿舍免费住宿条件。
4.可以获得较好的社会工作专业培训、交流、业务能力提升机会；
5.重大节假日可以有少量节日补贴。
（五）联络方式：
北京睿成社会工作事务所，范老师，联系电话：一三六六一三一二八八六。
机不可失时不再来，有意应聘者请尽快在智联招聘提供简历及联系电话，并尽快联系范老师。请注意查看应聘人员条件，不符合条件者请勿投递简历。"
养老院社工,"职位描述
活动组织策划
组织开展有益于长者身心健康之文娱活动，在保障安全的前提下，根据长者兴趣、爱好、特长等情况，有效组织、合理安排娱乐活动包含每日日程活动暨兴趣小组、目的性、专护区认知活动、庆生会、节庆或大型活动；
开展个案工作(建立长者个人生活档案包含长者预期需求评估、专业量表评估、亲属访谈表、新入住长者生活适应调查表与特殊个案关怀与纪录等),包含特殊个案关怀与纪录(例如密切关注性情孤僻的长者，消除长者孤独感及陌生感)、入院适应计划及措施，填写相关评估量表；
及时撰写活动新闻稿进行品牌宣传；
社区资源连结与运用，固定陪伴或协助志愿团体关系维系、地域性志愿团体或外部志愿团体开发(例如相关高校、慈善机构、媒体等合作)、机构志工队筹组与招募；
建立长者活动纪录，摄录长者文体活动的影像资料，协助营销部做好宣传工作；
完成上级领导安排的其他工作。
任职要求
1、男女不限，本科及以上学历，社会工作、心理学相关专业；
2、具有在养老机构同岗位工作经验2年及以上；
3、有较强的问题分析、沟通表达、心理辅导能力；
4、取得社会工作者资格证明，具有较强的文案撰写能力。
福利：双休、提供食宿、免费班车。
地址：江苏省镇江市句容市茅山大道228号"
社务专员,"职位描述
社区人员管理
社区文化管理
嘿，你好呀！我们社区正在寻找一位充满爱心的社工小伙伴加入我们！
你的工作将是与居民们紧密合作，提供专业的社会工作服务，共同打造温馨、和谐的社区环境。
如果你：
热爱社会工作，愿意为居民们提供帮助和支持；
持有社工师证或相关专业背景；
擅长沟通，能与不同背景的居民建立良好的关系；
对社区工作充满热情，有责任心和团队合作精神；
那么，赶快联系我们吧！期待与你一起为社区带来更多的温暖和力量！"
康乐活动师（养老社工）,"职位描述
有老年人活动策划及组织经验
养老助老
视频剪辑
职位描述：
1、根据公司服务规范完成社区长者教育服务策划、组织和总结；
2、根据公司服务规范完成长者心理/精神支持服务的需求和支持服务；
3、根据公司服务规范完成新长者适应探访、日常巡视、例时性探访、即时性探访、退住探访、长者档案管理；
4、对社工物资进行每月盘点。
任职要求:
1、本科及以上学历；社会工作、心理学、老年服务相关专业；
2、热爱养老行业，有责任心，有较强的创新能力和团队协作能力，可以承担一定的工作压力；
3、具有较高的执行能力，亲和力强，有主动服务意识；
4、有社会工作者国家职业资格证书优先；
5、3年以上的养老机构活动类、社工类管理经验；
6、有音乐、美术、手工特长、新媒体宣传技能者优先。"
一线社工,"职位描述
社会救助
残障康复
招聘要求
1.. 招聘劳务岗位
- 社会工作者（2位）
一、工作内容
1.为服务对象提供实时支援、个案跟进等专业服务，从个人、家庭、社区三个层面介入，坚持“加强经济保障、立足个人发展、促进家庭和谐、推动社区共融”的服务理念，保障支持精神障碍者生存、参与和发展权利的专业社会工作服务平台
二、任职资格
1. 学历要求： 大专及以上学历
2. 资质要求： 初级社工证
3. 经验要求：
- 社工岗位需1年以上精神障碍服务经验
三、薪酬福利
薪资构成：劳务协议"
社工实习生,"职位描述
可转正
实习证明
社区工作
实习站点/驻点位置：郫都区项目部
【岗位要求】：
1、时间要求：即刻起（实习不低于3个月）；
2、学历要求：普通高等教育社会工作专科/本科/研究生的在校生；
3、专业要求：有社会工作、社会学、社区管理、心理学等相关专业背景优先；
4、办公技能：熟练使用办公软件，具有较强文字撰写功底，熟悉公文写作，整理活动资料等，如具有微信推文制作、PS修图等技能则优先；
5、职业素养：性格开朗，富有责任感和团队精神，有创新意识、学习新知识和新经验；具有良好较强的执行力和抗压性。"
社区服务专员,"职位描述
社区人员管理
社会调查
主要面向所在辖区及社区推送和宣传政策性保险，为后期理赔打下基础。
职位福利：绩效奖金、弹性工作、带团队"
店长双休+社保-社区老年人活动中心,"职位描述
青山区
社工
双休
社区人员管理
社区文化管理
养老助老
武昌-张家湾街道-光霞社区
岗位职责:
1、配合社区组织老年活动的开展;
2、认真完成每日工作台账及日常表格整理;
3、对所负责社区的老人不定期回访及慰问疏导工作;
4、负责养老社区的接待及日常服务工作;
5、积极完成上级领导安排的其它相关工作;
6、维护好社区与公司之间的关系:
7、做好社区服务网站的维护工作、收集社区服务信息不断充实完善社区服务信息库。

岗位要求:
1、会基本的电脑办公软件;
2、善于沟通、亲和力强。
3、年龄不超过53岁。

薪资:
第一个月2600，第二个月2800。
上班时间:8:30-17:30(周末双休，法定节假日正常放假)
※公司概况※
湖北佰穗养老科技有限公司（以下简称“佰穗养老”），2020年成立，实际注册资本657万，由湖北文旅集团资产管理有限公司实际控股。佰穗养老旗下拥有多家养老机构，社区老年人服务中心，老年人幸福食堂遍布武汉三镇。提供“机构+社区+居家”养老服务，“养老+服务、科技、金融、文教旅、医疗”，包括但不限于机构照料、智能居家床位、日间照料、社区卫生服务、康复理疗、健康保健、养老咨询顾问、老年教育、老年旅游等等。
佰穗养老以“让天下长者更好的生活”为企业愿景，致力于发展成为中国最受尊重的，品牌化、标准化、平台化、生态化的专业养老产业服务机构。"
社工区级综合平台负责人,"职位描述
社工
社工综合平台
资源链接
【岗位职责】：
1. 平台运营统筹：统筹管理区级综合社工服务平台日常工作。

2. 项目全流程执行：全面负责区级项目统筹执行与把控，涵盖需求评估、方案策划、计划订立、任务细分、落地实施，以及各阶段、各类型项目评估工作。

3. 镇街平台指导协调：督导镇街级社工平台建设与发展，开展赋能培训、运营支持等工作；帮助镇街平台协调解决建设、服务中的实际问题，提升基层平台服务能力。

4. 沟通合作与资源链接：与合作方及区级相关部门沟通联动，保障项目顺利推进；具备较强资源链接与整理能力，探索并梳理社企联动机制，拓展服务资源。

5. 专业经验梳理：总结区级平台服务运营、项目执行及镇街指导经验，梳理可复制的服务模式与运营流程，支持机构开发其他同类项目或拓展服务领域。

6. 空间与行政辅助：协助规划区级公共服务空间使用，处理跨镇街空间预约冲突与设施维护；同步协助处理项目日常财务、统计镇街服务数据，整理项目报表与文书。

7. 其他工作：完成上级安排的其他工作。

【岗位要求】：

1. 学历与资质：社会工作、社会学、心理学、公共管理、汉语言文学等相关专业大专及以上学历；须持社工证，具备专业服务资质。

2. 工作经验：具有 2 年及以上街道级平台运营经验，或 3 年以上公共空间运营经验者优先；有区级项目全流程执行、镇街平台督导经历者可优先考虑。

3. 政策与专业认知：熟悉国家及地方社区发展治理政策、社会组织培育发展全流程；了解社工项目运营逻辑，能独立开展需求评估、方案设计与项目评估。

4. 核心能力素养：具备项目创意构思能力，乐于探索服务新途径，持续学习能力强；拥有良好统筹管理能力，能统筹平台运营与项目执行；沟通协调能力突出，可高效对接多方主体、解决跨层级问题。

职业素养：责任心强，具备团队合作精神；有较强资源整合与社企联动探索意识，能主动总结经验、梳理服务模式，助力平台与项目提质。"
养老社区管家,"职位描述
养老助老
岗位职责：
1、完成长者入住前的房屋准备工作、入住接待、入住指导等服务工作；
2、 完成长者信件快递收发、长者问题处理、房屋简单维护、报修及入户保洁对接等生活服务；
3、 完成每日楼栋巡查、设施设备使用后的复位、宣传栏的更新等工作；
4、 根据住户需求对接外联服务，如班车、代购、代办、代缴、外出就医、预约车辆等；
5、 完成楼栋住户的访客接待及楼栋电话接访工作；
6、 书写工作日志及业务系统录入；
7、 完成楼栋资产盘点；
8、 完成各类档案登记；
9、 参与长者紧急送医；
10、夜班值守；
11、上级交办的其他工作。
任职要求：
1、年龄35岁以下，两年以上酒店、养老服务、护理行业工作经验，酒店管理、旅游管理、养老服务、护理、社工等专业大专以上学历。
2、热爱服务行业，爱心、耐心、细心兼具，性格开朗，待人真诚；
3、具备良好的理解能力、沟通能力、学习能力；
3、熟练使用各种办公自动化软件；
特别说明：该岗位需值夜班；公司提供宿舍。"
（社会工作者）研究员,"职位描述
社会工作
社会学
社团/组织/社会保障
（民非领域，社区研究型岗位）
薪资面议
岗位职责：
1、工作内容主要是做社区研究，案例模型。
2、可以带领团队做社区调研、撰写报告等。
3、关注行业发展趋势，收集国内外行业动态，解读分析行政政策的能力。
4、结合本机构战略重点，展开研究工作。
任职要求：
1、研究生学历及以上。
2、社会学、人类学、社会工作专业为主。
3、拥有1年以上行业工作经验，或不少于连续2个学年的相关实习积累。
4、良好的计划和执行能力、人际沟通能力良好；
5、积极主动，具备团队意识，具有高度的责任心，能够承受较强的工作压力。
6、有一定的社区研究能力，特别是农村社区。
机构亮点：团队正气，氛围积极，同事互助。
机构简介
上海浦东新家园社区治理发展中心成立于2016年12月，注册于浦东新区民政局。新家园致力于城乡社会治理资源链接、社区治理理念和工具的传播，城乡治理相关问题的实务研究，公益项目管理、社区治理案例传播，推动基层民主议事协商能力建设及社区社会组织的培育发掘，推动“社区因善治更美好”。
五年来，新家园在城乡社区治理领域服务基层，除与相关委办局合作之外，直接和几十个街镇展开合作，与不同地域和领域的社会组织广泛合作，拥有丰富的公益项目设计、管理、统筹和评估经验。对本市数百个基层居民区以及农村社区有着深入的了解，着力为基层工作人员提供能力建设，促进社区创新治理提质增能，推动治理理论和实践在社区的广泛应用。

职位福利：节日福利、五险一金、绩效奖金、每年多次调薪"
深圳市教育局信访社工,职位描述信访调解教育领域社工党建  深圳市教育局岗位社工  工作地点：深圳市教育局  工作内容：    1.信访处理：协助接待群众来访，为涉及我市教育领域的信访当事人提供调解、咨询、心理疏导和情绪支持等服务；跟进信访件的办理，协助相关部门加强与信访当事人的沟通联系。  2.政策调研：协助开展教育领域法治教育、心理健康教育等相关政策方案的调研、征求意见等工作。  3.宣传教育：协助开展相关政策的宣传教育、检查督导等工作，为学校提供犯罪预防、心理危机干预等方面的培训。  4.情况总结：协助收集和整理各区各校的报送材料，并在此基础上撰写工作总结、情况汇报、典型案例等材料。  5.其他工作：领导交办的其他工作，包含不仅限于协助党建事务等。  资质要求：     1.教育学、心理学、政治学与行政学、社会工作等相关专业本科及以上学历；       2.已经取得初级及以上级别社会工作师资格证书，中共党员；       3.具有较好的文字功底和一定的行政管理工作经验（具有党务工作经验优先）。
社区义诊活动专员,"职位描述
卫生服务
义诊咨询
岗位职责：
1、 负责开发社区、街道，医院、药店、工会等机构，拓展眼科义诊渠道；
2、 负责眼科义诊活动的开发、执行、协调和组织工作，落实人员、场地、所需资料、设备及工具等事宜；
3、 经过培训，熟料操作眼科义诊活动所用的设备及工具；
4、 负责眼科义诊检查，咨询登记等工作；
5、 完成领导安排的工作任务。与其他部门积极配合开展工作。
任职要求：
1、 大专及以上学历，专业 不限；具有市场营销、临床医学、眼科学等相关工作经验或医疗背景者优先考虑；
2、 良好的市场开拓能力和组织协调能力，具备敏锐的观察能力及市场洞察力；
3、 具备良好的团队合作精神及团队管理能力；
4、 为人踏实诚恳，工作积极，勤奋；
5、 沟通能力强，有进取心和敬业精神。"
社工（实习生）,"职位描述
社工
社团/组织/社会保障
任职要求：
1.本科及以上学历，社会工作、社区管理、社会学、心理学等相关专业优先（在校学生）。
2.具有良好的文字表达和处理能力，有较强的团队意识和沟通协调能力，熟练掌握办公软件。
岗位要求：
1.负责配合项目社工开展工作。
2.完成机构交予的其他工作。
3.实习时间不少于2个月，介意者谨投。
工作时间：朝九晚五，周末及法定节假日休息，定期团建等。

职位福利：周末双休、定期团建"
居家助理,"职位描述
养老助老
1、通过各种方式与老人建立关系，对老年人的需求有一定敏感度，推进居家养老基础服务（包括站点服务和上门服务、长护险等居家养老服务）的开展以及机构床位的拓展。
2、熟悉养老行业相关政策和居家服务考核标准，做好相关信息的收集、整理和反馈，愿意服务老人、关爱老人，有一定的工作主动性和抗压能力。
3、居家站点环境管理和日常的接待、咨询、登记，确保服务量考核的达标
4、完成上级领导临时交办的各项工作任务"
社工【宝山区】,"职位描述
养老助老
卫生服务
社区人员管理
残障康复
医疗器械
工作内容：
1、负责老人和残疾人康复用品咨询工作；

2、负责整理及核对老人和残疾人的信息，信息库数据录入；

3、负责维护老人和残疾人的关系；

4、完成上级安排的其他工作。

任职要求：

1、22-30岁（适当放宽至35岁），大专及以上学历；

2、工作经验不限，熟练使用办公软件，具备较强的学习和沟通协调能力；

3、工作认真踏实，沟通协调能力较强；

4、会开车者优先。

工作地点：根据住址就近安排
职位福利：五险一金、绩效奖金、定期体检、带薪年假、通讯补助"
一线社工（相城）,职位描述策划康复社团/组织/社会保障  岗位描述  1.熟悉公益项目运作，撰写项目书；  2.以项目化运作为中心，负责相关领域工作开展；  3.及时高效处理未保平台信息。为有需求的未成年人提供心理咨询服务；为各种原因导致临时性监护缺失的儿童，协助提供必要的紧急庇护和临时生活照料等。  4.未成年人权益保护事件跟踪处理。协助本辖区未成年人保护工作开展，对受侵害未成年人提供专业服务支持与资源保障，做好个案回访、成效监测等。  5.完善制度机制，优化服务流程。确立稳定高效的服务流程，形成规范文本，明确管理架构，提升服务标准，保障服务连续性和专业化水平。  6.主动与相关方保持联络，挖掘合作契机；  7.项目服务推文制与宣传工作；  8.机构安排的其他工作。  岗位要求  1.具有1年以上社会工作完整项目经验，社会工作相关专业本科及以上学历；  2.具有良好的交际能力以及较好的团队协助精神；  3.有社工相关资质证书、中共党员优先考虑。职位福利：五险一金、全勤奖、带薪年假、定期体检
社区社工5名,"职位描述
社区
因工作需要招聘社区社工5名，工资待遇2000元一3500元，会电脑，工作地点：柏堰科技园社区，招聘电话 I3956oo3o97王经理"
社区工作者（残疾人温馨家园）,"职位描述
社区人员管理
社区文化管理
残障康复
1.具备社会工作师（初级或中级证书）
2.宣传贯彻国家、省、市有关残疾人工作的方针政策和法律法规，承担社区残疾人工作的具体事务，向社区居委会提出开展社区残疾人工作的计划、意见和方案；
3.密切联系残疾人，听取残疾人意见，反映残疾人需求和愿望；
4.开展残疾人自我教育，倡导自尊、自信、自强、自立精神，教育残疾人遵纪守法，自觉履行公民义务，做文明市民；
5.组织动员辖区社会力量开展各种形式助残扶残活动，倡导社会扶残助残新风；
6.掌握社区残疾人基本情况并建立相关档案；负责纳入城市低保的残疾人救助和残疾人临时救助工作，并建立相关档案，做到一户一档，实行动态管理；
7.协助街道、社区做好有关残疾人康复、教育、就业、扶贫、基本生活保障、权益保障和稳定工作；
8.开展社区残疾人文化、体育、健身活动，活跃社区残疾人生活；
9.完成上级残联交办的其他工作和任务。"
社工（26届）-楚园社区（武汉）,职位描述养老助老社区文化管理社会工作医养结合文娱活动音乐疗愈岗位职责：     1、结合居民需求、风险评价及意愿，组织实施专业个案或小组活动；       2、召开定期的个案研讨，为居民制定和更新服务方案，协调安排并参与居民的各类评估；       3、协调外部资源，为居民提供社工、法律等方面的服务。    任职要求：     1、本科及以上学历，社会工作相关专业；       2、对养老行业有热情，具备服务意识，有亲和力，有耐心；       3、具备扎实的专业知识和沟通协调能力，熟练应用办公、制图、视频等相关办公软件。
实习社工,"职位描述
养老助老
养老院活动协助
恒常活动执行
节日活动策划执行
心理辅导
社工助理
养老院社工
招在校实习社工助理 (1 名)
【欢迎需要到企业实践实习期的学生！】
实习社工班次（排班轮休）8:30-12:00、13:30-18:00
实习补贴：1600 元/月 包吃住（月休 6 天，加班另计）
岗位职责：
1、为老人提供支持精神支持；
2、协助社工主管组织各种兴趣活动，学习小组，个案活动；
3、配合社工主管要求，协助执行活动后期制作推文与宣传视频；
4、每天执行各楼层长者活动支持、巡访各楼层长者活动感受，做好记录；
5、关注老人心理健康状况，对老人进行心理慰藉和心理疏导，并做好相关记录；
6、及时了解老人各方面需求，与各部门进行沟通。 任职资格：
任职资格：
1、已考取助理社工师或以上资格。
2、具有较强的策划能力、组织协调能力和较强的沟通能力。
3、热爱拍摄、会制作视频、热爱新媒体分享内容。
4、性格看乐观开朗，富有爱心，热爱养老事业，喜欢同长者相处。"
养老机构社工,"职位描述
养老机构
负责策划组织长者各项文娱活动；日常营销活动；长者各类课程安排；日常院内家属及长者沟通工作等"
社工（项目执行）,职位描述社区岗位职责 1.项目前期的方案策划，物资购买，场地安排，人员协调；中期的项目活动执行落地跟进；项目验收结项全流程独立工作经验。  2. 撰写各类工作文案，包括宣传文稿、推文、新闻稿和总结报告等  3.负责活动场地/人员的安排和协调，确保使用计划合理、资源分配高效。  4.协助收集、分类和整理工作相关资料，建立和维护档案系统。  5.与相关部门和人员保持良好沟通，促进工作的高效协作。   6.项目收尾结项验收工作全盘负责。  8.完成上级交办的其他任务。  职位要求  1.大专以上学历  2.社工工作经验4年以上  3.有较强责任心，善于沟通，思路清晰，有较强的执行力和抗压能力         职位褔利:工作时间9:30-17:30，周末双休、五险一金、餐补、高温补贴。         工作地点：龙华区党群服务中心
兼职社工（甪直社工站）,职位描述社区人员管理兼职社工具体要求：  1、以前有做过社工的工作，熟悉社工行业；  2、熟悉社会工作三大工作方法，在工作中能熟练运用三大方法；  3、在活动开展中有号召力，对待服务对象要有亲和力；  4、能按照项目计划合理、主动的安排自己的工作。
助理项目研究员（瑶海区）,"职位描述
社区文化管理
志愿服务
（一）岗位要求
1.社会学、社会工作或医疗护理等相关专业，本科及以上学历，具有社会工作、志愿服务管理等相关工作经验者，具有社工证或医师证。
2.具备一定的政府公文、新闻写作能力，有一定的创新思维，认同、热爱社会工作和志愿服务事业。
3.有较强的学习能力，具有沟通能力和资源整合意识，工作认真、积极主动，乐于接受挑战，能在较大的压力下保持良好的工作状态。
4.能熟练运用office办公软件和新媒体宣传的基本工具。
5.熟悉医院工作环境，具备医务社工等相关领域工作经验者优先考虑。
（二）工作职责
1.在团队支持下，与各大医院建立合作关系，搭建院内陪诊服务体系，畅通就医协助服务通道。
2.深入社区，开展陪诊服务宣传与推广，为有需要的居民提供陪诊、导诊服务，帮助患者精准对接医疗资源，高效完成就医过程。
3.根据居民需要，对接优质医疗资源，开展筛查宣教活动，提高患者的疾病预防与健康管理意识。
4.瑶海区志愿服务基地的日常运营管理，执行运营方案推进策略、总结项目相关内容等。
5.落实上级安排的其他工作事项。"
社区项目专员,"职位描述
养老助老
社区人员管理
居民调解
社区文化管理
社会调查
楼宇党建
一、岗位核心职责
（一）项目策划与执行：深入调研社区需求，结合社会组织的宗旨和资源，策划符合社区实际情况的各类项目方案，如社区文化活动、公益服务项目、居民技能提升项目等。负责项目的全流程执行，包括制定详细的实施计划、协调各方资源、组织开展活动、把控项目进度和质量，确保项目目标顺利达成。
（二）社区关系维护：积极与社区居民、社区居委会、辖区企业、志愿者团队等建立并维护良好的合作关系。定期走访社区居民，了解居民的需求和意见，及时反馈并协调解决相关问题，提高居民对项目的参与度和满意度。
（三）资源整合与拓展：整合社区内外的各类资源，包括人力、物力、财力等，为社区项目的开展提供支持。积极拓展新的合作资源和渠道，寻求企业赞助、公益基金会资助等，为社会组织的社区项目筹集资金和物资。
（四）项目宣传与推广：负责社区项目的宣传推广工作，制定宣传计划，通过社区公告栏、微信群、公众号、线下活动等多种渠道，宣传项目的内容、意义和成果，提高项目的知晓度和影响力，吸引更多居民参与项目。
（五）数据统计与报告撰写：对项目实施过程中的各项数据进行收集、整理和分析，包括参与人数、活动效果、居民反馈等。定期撰写项目进展报告、总结报告和评估报告，为项目的优化和改进提供依据，同时向上级领导和相关合作方汇报项目情况。
二、任职要求
（一）学历与专业：本科及以上学历，社会工作、社会学、公共管理、社区管理等相关专业优先；具有相关社区项目工作经验者，学历可适当放宽。
（二）工作经验：具有1年及以上社区项目策划、执行或相关工作经验，熟悉社区工作流程和特点。
（三）专业能力：具备较强的项目策划能力、组织协调能力和沟通表达能力，能够独立完成项目的策划、组织和实施。具有良好的文字功底，能够撰写项目方案、报告、新闻稿等各类文案。
（四）职业素养：热爱社区工作，具有较强的责任心、事业心和奉献精神，能够承受一定的工作压力。具备良好的团队合作精神，积极主动地与团队成员和其他相关方协作配合。
（五）其他要求：熟悉各类办公软件的操作，如 Word、Excel、PowerPoint等。持有社会工作者职业资格证书者优先。"
广东省人民医院医务社工项目主任,"职位描述
医务社工
广东省人民医院医务社工项目
1.项目简介：
为广东省人民医院住院及门诊患者、院内职工提供贫困患者大病救助、志愿服务管理、专科患者就医支持、员工心理健康及社工介入器官捐献服务，并以实务工作开展医务社会工作研究，探索省医医务社会工作发展模式。
2.招聘岗位：
项目主任1名
3.工作地点：
广东省人民医院院内（广州市越秀区）
4.岗位要求：
（1）本科及以上学历，社会工作或相关专业（心理学、应用心理学、社区管理、社会学等）毕业；（2）从事社工行业6年及以上，或从事医务社工2年及以上；（3）持有中级社会工作师证书；（4）有医务社工服务经验者优先考虑。
5.薪酬待遇：
有竞争力的薪酬：7000元-10000元（具体工资视工作能力、学历而定）。"
未成年人保护社工,"职位描述
未成年人保护
工作内容：
1、负责项目日常运营工作，包括项目服务内容、服务流程、服务标准以及年度计划等；
2、负责项目服务的落实、协调、推进、策划等工作；落实目标责任管理,确保年度目标任务完成达标；
4、负责开展领域有关的个案、小组工作及社区工作等服务(包括服务开展、资料撰写、整理等）；
5、配合购买方、机构做好项目运作、总结和工作改进。
任职要求：
1、认同社会工作服务的理念和价值
2、具有良好的沟通能力、人际交往能力和书面表达能力；
3、社会工作、社会学、公共管理等相关专业或有社工证者优先；
4、项目执行经验1年以上，有未成年人服务经验优先。
办公地点：
玄武区、江北新区，根据项目内容确定"
项目社工,"职位描述
社会福利
社区服务
一、岗位职责：
　　1.运用社会工作专业方法，独立开展个案、小组或社区活动等专业服务，能独立开展成人咨询、危机干预、部门协助、警情危机等工作
　　2.根据服务对象特征，评估服务需求，组织开展社工专业服务;
　　3.遵守项目点制度和规定，完成工作安排，并定期向主管汇报工作情况，不断提升服务质量。
二、任职要求：
　　1.专业要求：社会工作、心理学、管理学等相关专业优先；
　　2.学历要求：大学本科或以上；
　　3.持证要求：助理社工师或以上，条件优秀的可放宽至当年考取；
　　4.工作经验：不限，条件优秀的可放宽至应届毕业生，
　　5.其他：中共党员优先，持心理咨询师证优先。
职位福利：补充医疗保险、带薪年假、五险一金、员工旅游、节日福利、高温补贴、定期团建、转岗/轮岗机会"
项目经理（社会组织方向）,"职位描述
社区人员管理
社区文化管理
青少年服务
社区活动组织
岗位职责：
1、协助负责人深入街道社区，组织、实施项目的各项内容；
2、负责制定项目的总目标和阶段分目标，做好时间和人力上的安排，并保证项目顺利运行和达成目标；
3、搜集、整理项目所需资料，协助撰写项目简报、项目报告等项目文字材料，做好项目的文档整理工作；
4、团队培养，承担部分协会管理职能；
5、与项目购买方保持良好的沟通，并尽量为项目争取资源；
6、完成项目主管交办的其他事务。

任职要求：
1、具有社会工作、社会学等相关本科及以上学历及有项目管理、项目策划等相关工作经验者优先；
2、具有良好口头和文字表达能力及沟通协调能力，能够熟练使用各类办公软件；
3、热爱社会公益服务，具有社会责任感，敬业精神，愿意与社区、居民、家庭协同工作；
4、善于思考、有较强的学习能力和行动力、有良好的团队合作精神。"
社工主管,"职位描述
居民调解
社区人员管理
社区文化管理
养老助老
教育救助
岗位内容：
1. 设计和实施介入计划以支持社区的个体和群体。
2. 评估和记录客户需求、目标和进展情况。
3. 建立并维护与其他组织和服务提供者的联系。
4. 快速解决问题，清晰有效地沟通。
5. 为会议制定议程和做好相关记录。
任职要求：
1. 社会工作或相关领域学士学位。
2. 具有至少两年的社会工作经验。
3. 熟练掌握数据管理和评估技能。
4. 出色的人际交往和沟通技巧。
5. 能够快速响应、处理信息和解决问题的能力。"
项目社工（光明某机关）,"职位描述
社会福利
社会调查
一、岗位职责：
1、按所属项目要求，做好沟通联络、信息整理、工作汇报等相关工作。
2、其他派驻单位领导交办的工作任务。
二、任职要求：
1、认同机构的使命、愿景、服务理念及价值观，遵守职业道德及伦理守则。
2、本科及以上学历、社会相关专业优先考虑。
3、持助理社工师，具有驾驶证，能接受外勤工作
三、薪酬待遇
入职即购买五险一金、工资总额6-7K，具体面议。"
项目官员（党建类）,"职位描述
楼宇党建
社会工作
活动策划
企业服务
岗位职责：
1. 日常活动的策划和执行；
2. 场馆运营管理和行政管理工作；
3. 日常企业的沟通交流走访、参访接待；
4. 日常项目资料的整理归档，财务处理工作。
岗位要求：
1. 专业不限，社会工作、社会学、心理学等相关专业优先，中共党员、具有社工证优先；形象气质良好；
2. 具有一年及以上社工或同岗位相关工作经验；
3. 具备良好的文字撰写能力，具有一定的沟通能力；
4. 工作积极主动、细心细致，灵活开朗，具有团队精神；
5. 热爱并愿意长期从事社会工作，认可机构文化，未来2-3年有一定的稳定性。
【薪资】：4000-5000元/月。具体面议
【福利】：六险一金+商业保险+项目激励+年终补贴+工龄补贴+证书补贴+带薪年假+节假日福利+员工体检+优秀员工激励+带薪培训+婚丧嫁病慰问。
【工作时间】：周末双休，9:30-18:00。"
文娱岗（养老社区）,"职位描述
文娱策划
活动策划
工作内容：
1、负责机构为老服务和活动项目的整体策划；
2、组织和实施项目计划，推进服务和活动的开展；
3、负责做好老人的活动管理，时刻关注活动现场情况；
4、根据长者的特点建立各类兴趣小组，丰富老人文化生活；
5、负责对外建立义工、志愿者合作，并做好日常工作对接和活动安排；
6、积极参与机构内对外宣传营销活动；
7、负责项目和活动资料、数据、照片等收集、归档；
8、完成上级领导交予的其他工作。
任职要求：
1、具备社工证及活动策划经验者可优行考虑；
2、热爱养老服务工作，具有良好的沟通协调能力和团队协作精神，性格热情开朗；
3、能够独立撰写方案或活动计划书，能够带领老人组织、开展活动；
4、对外志愿者、义工组织、政府社区等有一定的资源优先。"
社工项目主管(锦江）,"职位描述
社区人员管理
社区文化管理
养老助老
社会调查
教育救助
扶贫赈灾
岗位职责：

1、运用专业的技术对所在服务区域内的项目运营负责；

2、负责项目的需求调研、实施、总结、评估等全过程管理；

3、负责项目各相关方的沟通、协调、联络、维护及机构内部的上传下达；

4、负责协助完成团队在服务区域内的项目落地和指导；

5、协助做好项目人员与行政人资中心和财务中心的支持，推动机构制度的有序落地；

6、完成上级交待的其他工作任务。

任职要求：

1、热爱公益事业，认同社会工作，性格外向有较好的的沟通能力及发展狼性；

2、社会工作相关专业、心理学、公共管理、市场营销等专业背景，已有超过两年社工相关工作经验或持有全国社会工作者职业水平考试证书；

3、责任心强，由团队合作精神，具有良好的沟通协调能力，熟练使用办公软件；

4、有类似平台、基金会、政府工作经验、中共党员优先；

5、非公益行业且无经验者勿扰。

【薪酬福利】

1、薪资构成：基本月薪＋13薪＋项目绩效

2、定期团建+聚餐

3、完善的人才职业规划机制、规范的内部管控机制和无天花板的发展机遇

4、各种培训以及和业内大咖亲密接触机会

职位福利：周末双休、节日福利、带薪年假、定期团建、绩效奖金、全勤奖"
养老院 活动专员,"职位描述
养老助老
活动带动
文娱方案
视频剪辑
1. 收集医护部、护理部、食品安全部、后勤部月活动计划，制作本院活动计划汇总表，发至各部门。
2. 协调医护部、护理部制作院内老人集体活动计划表，并依计划日期进行活动执行工作。
3. 负责院内老人活动策划工作，形成本院特色活动，并尽可能多的覆盖到院内在住老人参加。
4. 负责汇总楼层活动执行表，对楼层活动的开展进行检查、监督、评估，对护理员进行楼层活动指导。
5. 负责建立、联系、引入外部活动资源，不断丰富在住老人的精神文娱生活。
6. 负责每次活动的记录工作，制作活动记录档案，每月5日前提交上月活动存档至院办行政主管。
7. 协助营销部进行外部活动开展。
8. 对在住老人进行心理慰藉，挖掘老人的性格喜好，在保有院内个性活动的基础上，做好活动创新。
9. 协助营销部做好抖音、快手、订阅号、公众号等媒体的素材提交工作。
10. 协助院办主任组织院内员工活动、年会、机构节日活动。
11. 进行活动宣传文案的撰写、排版、存档工作。
12. 院办主任分配的其他工作。

任职要求：
1、专科及以上学历，一年以上工作经验，养老院经验优先；
2、性格活泼、好学，有一定的活动策划及组织能力。
工作时间：上午8：00---下午17：30 单休，五险，提供食宿。
职位福利：五险、节日福利、定期团建"
助老员,"职位描述
养老助老
岗位职责：
1、遵守公司管理规定，做好中心站点的基础运营工作（卫生、设施设备管理等）；
2、了解社区基本概况，统计更新社区老人基本信息、社区老人需求、社区志愿者、社会组织；
3、真诚地为社区老人提供所需要的服务（以十助服务为基础），并根据实际情况填写社区十助服务记录；
4、为社区老人办理福卡，开展公司福卡惠民活动，完成公司养老服务及产品的介绍和推荐，营销；
5、与公司合作服务商齐心合作，为老年人服务，针对社区现缺乏的服务，链接社区辖区内服务资源；
6、做好站点日常工作排期，定期策划开展社区活动，服务好老人，保证中心站点人流量；
7、定期向社区运营专员和社区主任汇报工作（日报，周工作计划总结）；
8、做好养老服务中心电子档案和纸质档案管理，随时可以接受上级领导检查；
9、做好养老服务平台数据统计工作，以及平台展示页面维护；
10、定期通过公众号、微信群、朋友圈宣传公司业务，做好线上业务推广；
11、与社区工作人员、社区志愿者、社区意见领袖密切沟通，保持良好的人际关系；
12、领导安排的其他工作。
任职要求：
1、从事过社会工作、爱心组织、公益项目、营销管理等工作者优先；
2、社会工作、公共事业等专业优先。"
民生办服务专员,"职位描述
社区人员管理
养老助老
社会调查
社会救助
社会福利
卫生服务
岗位职责：遵守街道、居委等社区工作规范，文明礼貌服务，主动做好社区工作的解释和传达，避免投诉发生。
任职要求：
1、遵纪守法，无违法犯罪纪录，形象端正，不得有纹身
2、身体健康，能适应户外工作
3、能使用沪语沟通交流，党员、退伍军人、社工优先考虑
4、具备良好的沟通表达能力，能耐心解答居民疑问，责任心强
工作时间：做五休二
工作时间为下午3.30-晚上8点
工作区域：上海市区内的各社区，浦东浦西公司按就近分配原则上岗"
室内兼职,"职位描述
民族不限
超级轻松，有人教。
职位内容：工作特别轻松，全程有人教，包教包会
职位要求：无学历及经验限制，能适应白班工作节奏，有责任心，年龄
18-40周岁。
工作时间:
五小时左右，适合临时工，兼职。
薪资福利：下班当面结算工资
偶尔需要加班，无线网，零食，水。
两个人一起有车费补助."
东莞松山湖社工,"职位描述
社会工作
工作地点： 松山湖片区
岗位职责：
1、运用社工专业手法，开展个案、小组、社区工作及项目服务；
2、完成专业文书和行政材料、评估材料等；
3、整合优质社会资源，负责各类社区资源的跟进及对接；
4、完成领导交代的其他工作；
5、文书和沟通能力强。

岗位要求：
1、具有统招本科或以上学历；
2、助理社会工作师及以上证书；
3、尊重服务对象的隐私权、知情权，保护其合法利益，提供热情周到的服务；
4、能运用专业方法和技巧，解决服务对象的实际问题；
5、热爱社会工作，具有社会责任感和敬业精神，遵守职业操守及相关管理制度；
6、有1年及以上社会工作经验。"
残疾人岗位,"职位描述
商场
严格执行公司规范，做好交接班工作，态度认真负责，执行力强，做好后勤保障工作，有较好的沟通能力。"
医院社工,"职位描述
残障康复
精神残疾人救治
1.患者关怀：患者入院前和出院后的关怀工作，心身健康随访及家属沟通、困难家庭救助工作的对接。
2.残联服务：对接残联资源，落实残疾人保障政策，协助患者康复回归社会；负责托养人员资料收集和档案管理及托养病人满意度调查工作。
3.精防办服务：配合精神卫生防治办公室，做好社区联动及政策宣传。
4.筛查随访：组织精神健康筛查，建立随访制，跟踪患者康复情况。
5.心理疏导：为患者、家属及职工提供个体或团体心理支持服务。
6.家庭服务：开展家庭干预指导，协助家属改善患者照护环境。
7.患者需求评估与沟通：与患者及其家人进行面对面的交流，了解患者的需求、困惑和问题，并以适当的方式沟通，协助解决患者在医疗过程中出现的困难和疑虑。
8.患者社会支持服务：为患者提供社会支持服务，包括但不限于患者家庭的经济援助、医疗保险事宜、病假证明办理，以及县、镇、村、社区康复资源和社交支持的介绍等，帮助患者顺利完成医疗疗程。
9.医患互动协调：协调医患关系，促进医患之间的良好沟通和理解，调解医患纠纷，处理患者及家属的投诉，保障患者的权益，增强患者对医院的满意度。
10.社区资源整合：与社区合作伙伴建立合作关系，协调社区资源，提供社区康复服务、社交活动、心理支持等，使患者能够在社区中获得更全面的支持和帮助。"
社区行政助理,"职位描述
社区人员管理
社区文化管理
任职要求：
1、热爱社会工作，有责任感、敬业和奉献精神；
2、要求党员、大专或以上学历。
3、有社工或行政相关工作经验优先；
4、具备良好的语言表达能力，社会交往能力；
5、熟练Word，Excel，PPT等办公软件的操作；
该岗位工作职责
岗位职责：
1、协助中心主任和社工开展日常活动；
2、负责中心的日常行政工作、财务报销工作、固定资产维护等；
3、配合做好中心的宣传工作、资料文档存档等日常工作。

该岗位是否供餐

免费午餐"
10k+大健康信息流剪辑师,"岗位：信息流剪辑师
岗位数量：50人
岗位内容：1. 负责剪辑大健康信息流广告视频
2. 对接运营协调视频的制作环节，保证每日成片的质量和工作量
3. 根据抖音爆款逻辑寻找剪辑素材和拆解爆款视频框架，不断优化视频质量，提高广告转化率；
4. 熟悉抖音广告视频特点，参与脚本创作，对剪辑的主题方向有个人见解，能为后期的剪辑制定方案；
5.主动关注短视频市场动态，对热点视频、爆款视频一定的分析能力，能快速反应输出符合市场的视频内容。
岗位要求：1、有过带货/信息流类视频剪辑经验者优先考虑；
2、了解熟悉Pr、ps等软件，熟练掌握剪映软件，能独立剪辑完成2分钟左右的视频制作；
3、 熟悉抖音平台，对视频剪辑有浓厚兴趣，具有良好的爆款视频网感、审美及鉴赏能力，有自己独特的剪辑风格；
3、有一定的文字功底，对脚本和文案有自己的见解，有拆解对比总结能力，有较强的思维活跃度和创新能力；
4、工作细致认真、执行力强，团队意识强，具有较好的沟通能力和强烈责任感。
上班时间：9:00-12：30 14:00-19：30，固定每周日休息
工资待遇：综合5k-10k，具体底薪根据面试情况定薪"
AI图片视频制作,"工作职责：
1、 与团队共同学习并熟悉AI技术和产品（包括Deepseek、Midjourney、Runway、即梦、可灵、海螺和豆包等），专业人员从零教起，运用ai技术全面深入地参与内容的全流程及各环节。
2、 负责制作电商销售视频、数字人带货、等AIGC视频内容。
任职要求：
1、 大专及以上学历，影视制作、编导等相关专业优先；
2、 熟练使用剪映等短视频剪辑软件（必须项）；
3、 具备良好的审美能力和较强的学习能力；
4、 具有团队协作精神，做事专注、做人向上；"
动画制作与视频编辑,"我们正在寻找一位专业剪辑师，
负责视频内容的剪辑、特效处理和音效调整。
工作内容：
包括ai动漫视频剪辑、特效制作、音效调整、输出成品等。
岗位要求：
1. 影视、传媒等相关专业本科及以上学历；
2. 1年以上剪辑师工作经验；
3. 熟练掌握常用的剪辑软件；
4. 对影视作品有独特的审美和见解；
5. 良好的沟通能力和团队合作精神。"
平面设计与视频编辑,"岗位职责：
1.负责药店宣传物料设计（海报、单页、公众号配图等）；2. 制作产品介绍、活动推广等视频，完成拍摄素材剪辑、配乐、字幕等全流程；3. 配合门店营销活动，高效输出视觉宣传内容。
任职要求：
1. 1年以上设计与视频剪辑经验，熟练使用PS、AI、Pr、AE等软件；2. 能独立完成平面设计及短视频制作，有清晰审美；3. 了解医药行业宣传规范者优先；4. 沟通高效，能适配连锁门店快速宣传需求。
薪资福利：每周单休，薪资面议，享五险、节日福利、带薪年假、员工内购优惠。"
美术编辑培训生（后期、视频）,"【岗位职责】
1、致力于高水平设计制作满足公司需求的音视频。
2、输出原创素材，如：新能源产品、人物、动物、场景、道具、包装栏包等。
3、制作线上课程，如：微课类（PPT+音频）、知识类演示动画等。
4、制作创意视频，挖掘社会/行业热点选题，制作“蹭热点”创意视频/动画。
5、参与公司视频文案策划、脚本创作、拍摄和后期制作。
6、完成上级交给的其它工作。
※注：依据候选人擅长，满足1-2条职责方向即可。
【岗位要求】
1、本科及以上学历，2024年应届生。
2、能熟练使用PR、AE、C4D等多款后期制作软件，能熟练完成转码、栏包和特效。
3、适应短期出差，执行培训会务者优先（周末出差，2次/月左右，4天/次左右）。
4、熟练使用单反、摄像器材者优先。

5、具备文案策划、脚本策划写作者优先。
6、善于自学新知识、新技能，不畏文案，能承受持续改善工作压力。


※注：请附个人作品。希望您既热爱阅读和学习，也关心世界正在发生什么，又喜欢通过手绘或C4D表达。"
建筑新媒体：视频拍摄编辑（搜建筑）,"岗位职责：
1、视频拍摄和剪辑制作：地产、建筑技术、建材方向
2、微信平台的内容编辑和撰写：地产、建筑技术、建材方向
任职要求：
1、专科及以上学历，建筑学专业；
2、熟悉地产公司业务或有建筑设计单位工作经验者优先；
3、有视频拍摄+出镜者优先（建筑学）；
4、具备良好的沟通语言表达能力、文笔流畅、有良好的策略思考能力并能独立撰写方案；"
短视频剪辑、编辑（拓客专员）,薪资待遇：  无责底薪+餐补+交补+全勤+提成，综合薪资无上限有能力、有实力者薪资可谈   岗位内容：  1. 负责各类视频素材的筛选、剪辑工作，保证视频质量和创意水准。  2. 重点把握影片的节奏，对影片的剪辑进行创新设计，使之具有一定的观赏性和信息传递性。  3. 完成剪辑工作前，对原始素材进行筛选、分类和标注，为制作顺利进行提供基础条件。  4. 协助团队完成其他制作工作，例如声音的调配、场景的选择等。    任职要求：  1. 熟练掌握剪辑技术，熟悉各种剪辑软件，能够快速完成任务。  2. 具备良好的创新能力和较高的思维活跃度，善于捕捉影片中的亮点和突出部分。  3. 较高的学习能力，能根据项目需求不断学习新技术。  4. 具有团队合作精神和高度的责任心，有良好的沟通能力和表达能力。
合成剪辑师,"猫珂集团从事游戏服务行业，下辖代练电商、游戏账号交易、代练陪wan平台开发运营三大业务板块，以及正在开展的MCN业务，现企业快速发展，发展空间巨大，诚邀各路有能之士加盟，薪酬待遇高于行业水平！！
岗位职责：
1、根据脚本或编导要求完成精剪，添加字幕、转场、调色、美颜等效果，优化画面质量?;
2、对视频、音频、图片等素材进行筛选、分类、删减和重组，确保素材的可用性?;
3、调整视频节奏，确保内容流畅且符合叙事逻辑；
4、理解创意脚本和导演意图，提出剪辑方案建议?；
5、对成品进行质量检查，确保输出格式满足播放平台要求。
任职要求：
1、熟练使用剪辑软件PR/AE/PS等;
2、有敏锐的网感和审美，熟悉各种游戏梗；
3、工作有责任感，方案理解能力强，优秀的表达与团队协同能力、有较强时间观念
4、相关行业两年左右工作经验。
上班时间：9:00-12:00，13:30-18:00单双休不加班
福利待遇：底薪+绩效综合6-10K+五险一金"
创意视频剪辑,岗位职责：1、爱好或专业摄影摄像，熟练掌握拍摄 技巧，拍摄稳定清晰的画面、曝光准确； 2、会剪辑、混剪：配字幕，加BGM，视频呈现效果流畅有逻辑； 3、有热点敏锐度，具备一定视频内容策划能力及导演能力；   4、跟进项目进度，确保宣传文案的及时发布和宣传效果的达成；    5、完成上级领导安排的其他工作。    任职要求：  1.能吃苦，到工地现场拍摄相关视频。  2.具备良好的政治素质和责任意识，能服从工作安排。  3.掌握拍摄技巧，有一定的视频拍摄剪辑经验。有热点敏锐度，具备数据分析能力，对短视频内容有自己的深理解。  4. 具备较好的沟通表达能力，有责任心，品行端正。  年龄要求：28-40岁
4k起剪辑助理+可实习包住,职位要求：1、对互联网新技术有兴趣，愿意尝试新事物，敢于接受挑战2、大专及以上学历，可接受应届实习3、需要对短视频、视频剪辑有极大的兴趣4、踏实，稳定，有自己的职业规划  5、可无经验，踏实稳定，上手快  工作内容：   1.负责公司的视频剪辑、素材整理，并进行初剪   2.协调与视频制作过程中的相关环节   3.有老员工带，可晋升，有发展空间
视频编辑实习生（社会工作、社会学、传播学、设计、市场营销等相关专业）,"岗位职责：
1.参与课程录制、授课老师接待、视频内容审核等工作；
2.课件优化、审核工作。
任职要求：
1.本科及以上学历，社会工作、社会学、传播学、设计、市场营销等相关专业；
2.熟悉相关软件基本操作；
3.耐心细致。
办公地点：北京市海淀区中关村大街31号
时间要求：实习期2-3个月，每周工作3天以上"
短视频剪辑师,"岗位内容：
1. 客户视频的剪辑，选配合适的文案等。
2. 负责短视频平台的日常运营，维持自己客户群内的群消息回复处理。
3. 数据分析和监测，根据数据进行调整和优化。
任职要求：爱文案，爱创意，爱设计和剪辑，有相关经验者优先
1. 有1年以上互联网短视频运营经验，熟悉短视频平台规则和运作规律。
2. 擅长沟通，具备良好的沟通能力和团队协作精神，能够承受工作压力。
3. 熟练使用剪映或其他短视频制作软件或工具，具备基本的短视频思路。
职位福利：五险一金、绩效奖金、带薪年假、弹性工作、节日福利、技能培训
职位亮点：订单持续稳定，多劳多得，能提升自己的能力"
视频剪辑专员（日化产品）,"经验要求:一年以上年龄:25岁左右或以下岗位职责:
1.负责公司短视频的拍摄剪辑工作，根据需求对素材进行制作、剪辑等后期处理工作;
2.按时、高效的完成视频剪辑工作，保证视频的质量;
3.完成对所剪辑视频文件及相关素材的存储、上传、备份等工作，并整理项目的源素材及其他相关素材文件。
4.可以独立完成剪辑任务。
5.有运营经验，包括但不限于选题规划、内容创作，脚本输出，协调拍摄，岗位要求:
1.会使用相机、三脚架、常亮灯、手机等进行拍摄，可以不专业，但是要会使用
2.-大专以上学历，有1年以上品宣类、电商信息流短视频等广告拍摄、后期制作经验;
3.热爱短视频行业，了解快消品、耐消品类目短视频行业特点;
4.加分项:长期混迹各大短视频平台，了解短视频平台的特点和用户特征，抖音、B站、微博、小红书等热门社区重度依赖者;
-有自己的想法、有创意、思维活跃，善于沟通，
热爱潮流文化
-喜爱短视频内容创作，乐于自己创作各种形式的、有趣的短视频;
-有二次创意思维，耐心仔细精通后期剪辑、特效、调色。
-剪辑过多种风格的视频内容，提供作品，有短视频爆款案例者优先;
-面试需准备以往参与品宣类、信息流短视频的案例。
公司做日用产品、是自运营店铺，有自己生产工厂、产品有：洗衣液 洗手液 油污清洁 衣物清洁 地面清洁 马桶洁厕剂等 等居家日用产品
工作地点：阳光100、月河路古亭街电商基地总部（就近选择）"
pr剪辑师助理,"岗位内容：
1. 负责视频剪辑、后期制作，包括素材的选取、处理和编辑等工作。
2. 配合导演的要求完成视频剧本创意的呈现，保证角色、场景、音效等资料的完整性和精准度。
3. 使用专业视频软件，完成音频、视频、特效的调整和混合，确保视觉与听觉效果的协调性。
4. 了解相关技术规范并遵守，制作出符合企业及标准的优秀影片。
任职要求：
1.至少专科及以上学历.
2. 具有较高的时间管理能力和责任心，能承受一定的工作压力。
3. 具备良好的沟通、协作能力，团队合作意识强。"
pr剪辑师,"岗位内容：
1. 负责视频剪辑、后期制作，包括素材的选取、处理和编辑等工作。
2. 配合导演的要求完成视频剧本创意的呈现，保证角色、场景、音效等资料的完整性和精准度。
3. 使用专业视频软件，完成音频、视频、特效的调整和混合，确保视觉与听觉效果的协调性。
4. 了解相关技术规范并遵守，制作出符合企业及标准的优秀影片。
任职要求：
1.至少专科及以上学历.
2. 具有较高的时间管理能力和责任心，能承受一定的工作压力。
3. 具备良好的沟通、协作能力，团队合作意识强。"
AIGC视频设计师,"一、岗位概述
我们正在寻找一位兼具艺术审美与技术前瞻性的AI视频设计师。您不仅需要精通主流AI视频生成工具，更要深入理解动态视觉语言，能利用提示词工程、参数控制与后期合成，独立完成从创意到成片的AI视频内容创作。您将直接参与核心视觉产品的开发，是推动内容创新与效率变革的关键成员。
二、核心职责
1、AI视频内容生产：主导使用Runway、Pika、Stable Video Diffusion、Sora、即梦、可灵等AI视频工具，高效产出符合品牌调性的短视频、动态视觉、创意广告片、产品演示等内容。
2、全流程技术把控：负责AI视频生成的全流程，包括但不限于：前期创意脚本与分镜规划、精准的多模态提示词设计、关键帧控制、镜头运动参数调节，以及必要的后期合成与精修。
3、工作流构建与优化：探索并固化高效的AI视频生产工作流，整合图像生成、视频生成、音频合成等工具，提升内容产出的效率、稳定性和创意上限。
4、技术探索与赋能：持续追踪AIGC视频领域的前沿技术动态，进行内部测试与分享，为团队引入新的可能性和解决方案。
三、任职要求（硬性技能）
1、工具精通：必须熟练掌握Runway、Pika等至少两种主流AI视频生成工具，并能灵活运用如ComfyUI（用于Stable Video Diffusion工作流）等进阶控制平台。
2、专业能力：
提示词工程：具备出色的文本描述（提示词）和视觉化表达能力，能通过精准、结构化的提示词控制视频风格、运镜、转场和叙事节奏。
参数控制：理解种子值、运动强度、摄像机参数等核心概念，能通过参数调整实现可控、可复用的视频输出。
后期合成：熟练使用Adobe After Effects、Premiere Pro或DaVinci Resolve等软件，对AI生成素材进行剪辑、调色、合成与特效增强。
作品集：需提供个人AI视频作品集。
四、加分项（软性素质与经验）
1、拥有短视频、广告片、动态设计等领域的实际项目经验，理解社交媒体平台的视频传播规律。
2、具备基础的原画、分镜脚本绘制能力，能更好地进行视频创意的前期规划。
3、强烈的学习热情和自我驱动力，能快速适应AIGC领域的迅猛技术迭代。
4、优秀的沟通能力和团队协作精神，能够清晰阐述技术方案与创意想法。
注：1、对于能构建完整工作流、产出高质量商用视频的资深人才，薪酬可面议。
2、我们深知此领域人才难得。如果您在部分技能上略有欠缺，但拥有极强的学习能力、出色的视觉审美和令人惊艳的作品，我们同样欢迎您的申请。我们相信，对技术的热情和创造力是更宝贵的基石。"
抖音短视频拍摄剪辑及直播运营,"岗位内容：
1. 策划和制定短视频运营的整体方案，包括选题、拍摄、剪辑等。
2. 负责短视频平台的日常运营，管理用户关系和社群运营。
3. 数据分析和监测，根据数据进行调整和优化。
任职要求：
1. 有2年以上互联网短视频运营经验，熟悉短视频平台规则和运作规律。
2. 具备良好的沟通能力和团队协作精神，能够承受工作压力。
3. 熟练使用各类短视频制作软件或工具，具备基本的摄影及剪辑技巧。"
视频剪辑助理,"岗位内容：
1. 负责公司视频、微电影等多媒体制作物的剪辑及后期制作工作。
2. 对剪辑风格、配乐、画面调色方案做出策略建议，以获取更好的制作效果。
3. 利用剪辑手段，将冗长或无关的镜头剪辑掉，突出核心信息，提高制作品质。
4. 整合制作资源，并在时间节点内按要求完成各类视频制作任务。
5. 善于发掘优秀素材，不断创新，提高制作品质，实现预期目标。
任职要求：
1. 熟练使用剪辑软件，有良好的剪辑技巧，3年以上相关工作经验。
2. 拥有敏锐的审美和极强的表现力，熟悉各种影视元素的运用。
3. 具有较高的时间管理能力和责任心，能承受一定的工作压力。
4. 拥有优秀的沟通能力和团队协作精神，能够有效地与导演、平面设计师等协同合作。"
短视频编导拍摄剪辑师(J10437),一、岗位职责: 1、短视频拍摄：根据脚本要求，提前准备拍摄设备（相机、稳定器、灯光、麦克风等）和道具，选择合适的拍摄场地；按照拍摄计划完成视频拍摄工作，在拍摄过程中灵活调整拍摄角度、光线和主播状态，确保拍摄素材的完整性和质量，避免出现画面模糊、声音嘈杂、镜头抖动等问题； 2、视频剪辑与后期制作：对拍摄素材进行筛选、整理和剪辑，按照脚本逻辑和平台风格完成视频的剪辑拼接；添加符合视频内容的字幕（确保字幕准确、清晰、美观）、背景音乐（注意音乐版权，选择与视频氛围匹配的音乐）和音效（如掌声、笑声、产品讲解音效等）；对视频进行调色处理，统一视频色调风格，提升画面质感；根据需要制作简单的动画特效（如产品展示动画、标题动画等），增强视频的视觉吸引力； 3、视频审核与优化：完成视频初剪后，提交给直播部门负责人或相关人员审核，根据审核意见对视频进行修改优化，直至满足发布要求；跟踪已发布视频在各平台的播放量、点赞量、评论量、转发量等数据，分析数据背后的原因（如内容主题、剪辑节奏、封面标题等对数据的影响），总结经验，为后续短视频创作提供优化方向； 4、素材管理与设备维护：建立完善的视频素材管理体系，对拍摄的原始素材、剪辑过程中的工程文件和最终成品进行分类存储和备份，确保素材安全，便于后续查找和复用；定期对拍摄设备和剪辑电脑进行检查和维护，及时发现并解决设备故障（如相机镜头损坏、稳定器电量不足、软件崩溃等），保证工作正常开展。 二、任职要求: 1、大专及以上学历，影视制作、新媒体、视觉传达等相关专业优先； 2、具备 1-2 年及以上短视频独立拍剪经验，有直播行业、电商产品或品牌短视频制作经验者可优先考虑，需提供个人作品集（包含至少 3-5 个完整的短视频作品，展示拍摄运镜、剪辑节奏、调色风格等能力）。 3、熟练操作专业相机（如索尼 A7 系列、佳能 R 系列等）、手机云台、手持稳定器、补光灯、麦克风等拍摄设备，能根据不同场景（如室内直播场景、产品特写场景、户外场景）调整光线、构图和拍摄参数，保证画面清晰度、稳定性和美感。 4、精通剪映、Pr、AE 等剪辑软件，能独立完成短视频的素材筛选、剪辑拼接、字幕添加、背景音乐搭配、音效处理、调色、转场设计等全流程工作； 5、熟悉短视频平台（抖音、快手、视频号等）的内容风格和算法偏好，能根据平台特性调整剪辑节奏，打造符合平台用户喜好的作品（如抖音的快节奏、强视觉冲击风格，视频号的生活化、情感化风格）。 6、具备较强的创意策划能力，能结合直播部门的业务需求（如直播预热、产品推广、主播人设打造）构思短视频内容主题和脚本框架； 7、拥有良好的审美能力，对色彩搭配、画面构图、镜头语言有敏锐的把控力，能准确把握当下短视频流行趋势（如卡点视频、剧情反转、沉浸式体验等），并融入到作品创作中。 8、具备良好的沟通协调能力，能与直播团队（主播、运营、策划）高效配合，理解并执行团队的创作需求；有较强的学习能力，愿意主动研究新的拍摄技巧、剪辑工具和平台规则，不断提升作品质量。 三、福利待遇： 1、薪资待遇：6000--10000元/月； 2、常规福利：节假日福利、生日福利、生育餐补、生育津贴、贺仪礼金等； 3、保障类：签订劳动合同，依法办理五险； 4、假期类：法定节假日带薪休假、带薪年假（5-15天）、病假、婚假、丧假、产假、陪产假、孕检假等。
短视频脚本编辑,"岗位内容：
1. 负责各类视频素材的筛选、剪辑工作，保证视频质量和创意水准。
2. 重点把握影片的节奏，对影片的剪辑进行创新设计，使之具有一定的观赏性和信息传递性。
3. 完成剪辑工作前，对原始素材进行筛选、分类和标注，为制作顺利进行提供基础条件。
4. 协助团队完成其他制作工作，例如声音的调配、场景的选择等。
任职要求：
1. 熟练掌握剪辑技术，熟悉各种剪辑软件，能够快速完成任务。
2. 具备良好的创新能力和较高的思维活跃度，善于捕捉影片中的亮点和突出部分。
3. 较高的学习能力，能根据项目需求不断学习新技术。
4. 具有团队合作精神和高度的责任心，有良好的沟通能力和表达能力。"
泰安4s店拍摄剪辑,"一、岗位职责?
视频策划与拍摄：根据门店需求及店内活动（新车上市、促销等），策划拍摄方案；负责新车展示、试驾、维修流程、客户采访等拍摄
后期剪辑制作：完成剪辑、调色、配乐、加字幕等，适配抖音、视频号等平台格式，确保内容准确传达 4S 店信息，提升吸引力。?
素材管理与优化：建立视频素材库并归档；分析已发布视频数据，结合市场及竞品情况，提出优化建议。?
跨部门协作：配合销售、市场等部门需求，提供拍摄剪辑支持，沟通解决问题，保障工作按时完成。?
二、任职要求?
学历与经验：大专及以上，影视制作等相关专业优先；1 年以上拍摄剪辑经验，有汽车、4S 店或电商相关经验者优先。?
专业技能：熟练掌握至少一种剪辑软件（如 Premiere Pro），必须会用AI剪辑、PS 做特效与设计；能独立操作拍摄设备（单反、摄像机等）；懂主流视频平台规则，具备构图、色彩感知及节奏感。?
综合素养：热爱汽车行业，了解汽车产品；责任心强、细致，能抗压；沟通协作与学习创新能力佳。?"
TikTok影视剪辑,主要是做Tiktok影视剪辑。  岗位职责:  1.负责Tiktok视频剪辑及发布工作，切片/解说/混剪等视频剪辑。  2.需要每天完成规定任务量及发布。  1.工作内容：剪辑影视切片和影视解说视频，涉及电影，电视剧，综艺，动漫等，主要做国外平台。  2. 工资待遇：试用期一个月转正无责底薪5000（无责4000＋1000绩效）+5-20%高提成+奖金（优秀剪辑薪资都能轻松过万）  3.技能要求：需要熟练PR.剪映等电脑剪辑软件，具备良好个人剪辑思路和构思，画面感强网感好，有影视解说剪辑经验优先。  4.工作时间：创造性工作不加班，早九晚六，周日休息。良好工作环境，人性化的管理，和谐的工作氛围。  剪辑能力突出强可晋升部门主管，拿部门收益分红，更好的职业发展，更高的薪资待遇。  一家专业的传媒公司，致力于高质量视频创作，一个有朝气活力的成长形企业，公司整体薪资待遇高于同领域，个人提升和晋升空间大，团队气氛融洽，工作环境好，烧烤聚餐，团建，丰富的公司业余活动。
餐饮短视频编辑,"岗位职责
1. 独立承担公司品牌短视频全流程剪辑工作，精准把握内容节奏与风格调性。
2. 主导短视频项目全周期制作，从前期策划、实地拍摄到后期剪辑、特效包装实现一站式产出。
3. 紧密配合招商部门需求，高效完成宣传视频的创意拍摄、精细剪辑及平台发布，助力招商推广。
4. 敏锐捕捉短视频平台热点趋势，发挥创意优势策划新颖内容，提升视频传播力与吸引力。
5. 负责短视频账号日常运营，包括内容发布、数据维护、粉丝互动及社群管理，有抖音、快手等平台运营经验者优先。
岗位要求
1. 大专及以上学历，熟练操作PR、剪映等主流视频剪辑软件，有实际剪辑项目经验者优先。
2. 拥有优质视频剪辑作品集，能够直观展现创作能力与审美水平。
3. 具备出色的沟通协调能力，可高效对接跨部门需求；同时拥有优秀的执行力，确保独立完成短视频从策划到落地全流程工作。
4.对短视频热点高度敏感，思维活跃、创意丰富，善于结合热点打造爆款内容。
5. 特别优秀者可适当放宽学历与经验要求，更看重实际创作能力与创新思维。"
视频剪辑,"工作内容：负责剪辑语音厅作品，主播主页作品
能熟练运用剪映，AE，PS"
视频剪辑包装师,??投递请发作品集。 工作内容： a、配合策划/文案完成新媒体视频剪辑/包装/基础调色工作，擅长AE，动画制作，会制作mg动画 b、灵活运用相关AI文生视频，图生视频工具，高效完成素材收集和后期剪辑工作 c、参与短剧项目或线下跟组拍摄，DIT工作 d、配合策划/文案视频小样剪辑工作 e、辅助策划同时进行选题工作 f、参与账号运营，根据后台数据反馈，优化视频内容   g、剪辑内容：活动快闪、宣传片、企宣片、企业账号，创意类包装剪辑         能力要求：   1.有良好的视听审美，镜头感强，阅片量丰富，有创意和想法   2.熟练掌握pr、Ae等剪辑包装软件，   3.熟悉多种视频风格，能独立完成视频的剪辑包装工作   4.三年以上剪辑包装工作经验   5.工作态度端正，认真负责，工作中与人相处融治 ，情商在线   6.在平面设计、调色等方面有特长者，有客户对接经验者优先   7.年龄32岁以内，以经验和项目为主，可适当放宽学历          说明：    1、公司年轻团队不打卡，氛围奈斯，项目导向无领导模式。          2、有轻度加班（看项目），项目导向，无形式主义加班和内耗，完成工作即可。          3、对岗位和生活有一定热情，乐观积极，希望你能开心工作、生活。          4、年轻公司，不画大饼，简单高效。
短视频剪辑及文案编辑,工作内容：1、负责短视频拍摄、剪辑  2、负责文案编辑发布，  3、负责回复粉丝问答及维护关系。  任职要求：  1. 熟练剪映等视频制作软件，有短视频运营经验者优先  2. 具备良好沟通及团队协作能力，有较好的艺术审美能力；
剪辑视频+美工设计,"工作内容:
1、负责产品视频的拍摄、剪辑以及后期制作等工作。
2、负责产品的宣传海报、详情页等设计工作，以及产品图精修。编辑产品程序界面Logo 平面图.对接渲染图事项。
3、负责协助美导完成产品操作介绍视频的拍摄工作以及视频后期剪辑制作。
4、平时学习仪器操作以了解仪器性能，做好资料剪辑视频工作，以及素材的交接与整理工作。
5、负责把控短片后期制作的整体效果。
职位要求:
1、熟悉基础办公软件、拍摄工具及剪辑软件等;熟练掌握 AE、AI、PS 等软件;
2、有剪辑及摄像相关工作经验者优先;
3、对工作细心认真负责，责任感强，良好的沟通能力，服从安排。"
电商视频剪辑师,"岗位职责：
1、负责公司短视频内容的选题与话题策划，包括脚本编写、台词设计等；
2、拍摄千川素材，剪辑千川信息流广告；
3、研究并关注同类型账号动态，根据市场变化及时制定可行性的调整策略与方案。
任职要求：
1、电商剪辑相关经验1年以上，熟悉千川广告的曝光逻辑，并会拆解、分析爆款千川广告；
2、熟悉抖音电商，熟悉抖音电商规则及热点、熟悉千川素材拍摄、剪辑全流程；
3、具备营销思维，能够快速了解公司产品卖点/痛点。"
房地产视频剪辑策划,"岗位职责
1、视频拍摄与剪辑：负责公司各类视频的拍摄、剪辑和后期制作；
2、创意执行：根据创意脚本或文案进行视频剪辑，能够独立完成视频的处理；
3、市场分析：持续关注短视频市场情况，分析观众的关注点与兴趣点，以提升视频的吸引力。"
短剧后期剪辑【平台方＋双休】可带新,"新人小白可带
岗位职责：
1、负责短剧的剪辑制作，把控单集节奏及整剧叙事风格，保证成片质量；
2、独立完成短剧的后期剪辑、音乐音效等工作；
3、对短剧集的表达有自己的观察和见解，熟练掌握短视频产品的视听语言；
4、十足网感、乐感，对男频爽剧、女频虐恋、甜宠等题材有深入研究，具备将素材“讲成故事”的能力，强沟通力。
任职要求：
1、熟练使用PR/达芬奇/剪映等视频剪辑工具
2、有抖音爆款小程序短剧的剪辑经验，熟悉短剧平台视频剪辑要求
3、具备良好的内容创意能力、审美能力，思路清晰、逻辑性强
4、梳理剧本逻辑，并能通过剧本进行二次创意，通过视频创意、镜头运用、画面质感及动画风格等画面传达观众；
5、 配合短剧内容进行优化分析，并给到剪辑方案最优解。
公司本着务实踏实的价值观，每位员工都可以深入参与到自己的项目中，并且按照自己的能力拿到相对应的提成和奖金，晋升空间非常大~"
抖音视频剪辑,"岗位内容:
1.负责视频剪辑、后期制作，包括素材的选取、处理和编辑等工作。
2.配合导演的要求完成视频剧本创意的呈现，保证角色、场景、音效等资料的完整性和精准度，
3.使用专业视频软件，完成音频、视频、特效的调整和混合，确保视觉与听觉效果的协调性
4.了解相关技术规范并遵守，制作出符合企业及标准的优秀视频。
5.负责抖音电商平台的日常运维
任职要求:
1.具备优秀的剪辑技能，有相关工作经验者优先。
2.熟练掌握专业剪辑软件，如Premiere Pro、Final CutPro等。
3.熟知后期制作流程，对影视行业有充分理解。
4.具备良好的沟通、协作能力，团队合作意识强
5.有相关日常运维经验者优先。"
短剧二创（接受小白）,"岗位职责：
1.负责短剧成片的二创剪辑
2.岗位职责：主要负责在公司看剧、选剧、上传和素材剪辑等（无经验可教滴）
3.有无经验均可（短剧剪辑好之后上传到红果上）"
短视频文案编辑,工作内容：1. 负责剪辑视频+视频文案2. 全网找素材、匹配文案内容3. 咱一天只剪辑一条视频奥工作要求：  1. 可以写视频文案的奥，对写作感兴趣的也可以来聊聊哈  2. 基础试用Pr、剪映软件就可以啦  3. 有解说类型的剪辑和写作经验优先奥薪资结构是：底薪+全勤+提成  第一档：4000+，有相关工作经验  第二档：6000+，有2-3年相关的工作经验    岗位福利：  1.上班时间：早九晚六点半，节假日带薪休息滴，有五险奥  2.公司多为95、00后，年轻有活力，氛围融洽，欢迎您的加入哦！
广告创意视频编辑运营,职位描述   短视频电视剧电影PRAEPS         短视频        工作内容：   1、主要负责创意短视频及图面的后期制作；   2、负责公司社交短视频账号的账号定位、数据运营、推广以及分析总结，并提出对应的优化方案；   3、保持对各类短视频平台热点、热门事件的追踪研究，输出能够转化落地的创意，实现商业变现；   4、通过对用户行为的分析，有针对性的策划运营方案，提升活跃度；   5、能拆解其他博主优质作品，学习借鉴，并合理化利用。   岗位要求：   1、年满18周岁以上，拥有自身驱动力，有上进心；   2、有运营社交账号的经验，熟练剪辑软件，善于剧情创作，了解短视频的内容运营方式和各项规则；   3、有产品营销意识，目标导向，数据分析。
新媒体视频编辑,"岗位内容：
1. 负责公司视频、微电影等多媒体制作物的剪辑及后期制作工作。
2. 对剪辑风格、配乐、画面调色方案做出策略建议，以获取更好的制作效果。
3. 利用剪辑手段，将冗长或无关的镜头剪辑掉，突出核心信息，提高制作品质。
4. 整合制作资源，并在时间节点内按要求完成各类视频制作任务。
5. 善于发掘优秀素材，不断创新，提高制作品质，实现预期目标。
6.熟悉各自媒体平台小红书，b站，快手，抖音，视频号等运营规则，有过成功起号经理优先。
任职要求：
1. 熟练使用剪辑软件，有良好的剪辑技巧，3年以上相关工作经验。
2. 拥有敏锐的审美和极强的表现力，熟悉各种影视元素的运用。
3. 具有较高的时间管理能力和责任心，能承受一定的工作压力。
4. 拥有优秀的沟通能力和团队协作精神，能够有效地与导演、平面设计师等协同合作。"
视频拍摄编辑,"岗位职责:
1.负责公司短视频的拍摄工作，确保内容质量和创意表现
2.进行视频剪辑，优化视觉效果，提升观看体验
3.剪映，pr等剪辑等软件精通即可
任职要求:
1.具备出色的沟通能力，能够高效完成任务
2.能够与团队紧密合作，共同推动项目进展
3.具有持续学习和改进技能的意愿，以提升工作效率
工作时间:早九晚六，周末双休
工作地点:爱都国际B座
薪资结构:底薪+绩效+提成到手5000+
视频方向:娱乐视频、宣传公司等"
线上居家兼职/图文视频编辑/无需经验,"1、职位信息
工作平台:快手
工作具体内容:编辑图片/视频/短视频带货
工作要求:每天1-3条，时间自由，按单提成制，多劳多得
2、薪资详情
薪资范围5000-10000
薪资结构:提成
结算方式:日结
3、收费情况
是否收费:否
收费项目(如有):否
收费标准(如有):否"
英语法律类翻译,"工作条件：
学历：本科以上学历，英语或者法学专业优先
资历：具有2年以上法律类翻译经验；
软件：会TRADOS者尤佳。
待遇：论件计酬
工作地点：地域不限。
附加条件：
1.熟悉相关法律，了解行内术语，用词专业，文笔流畅；
2.优秀的表达能力，文字功底深厚，优秀的表达能力，文字功底深厚。"
英语+阿语翻译,"项目背景：建筑工程，4月份可能会有出国行程，还有线上会议口译需求，要到客户单位一起参加线上会议
任职要求：武汉本地，2年及以上翻译经验，只需要一位翻译主要英语且会阿语 （阿语能基本沟通即可）"
英语翻译（留学申请方向 五险一金）,"岗位职责：
1.帮助学生梳理申请所需材料，完成申请材料整理；
2.帮助学生准备申请学校的面试及相关材料，并顺利通过面试；
3.协助学生进行留学材料翻译（如成绩单、在读证明、家庭信息、荣誉证书、签证材料等），把控申请资料质量；
4.与学生反馈申请结果，跟进申请进度并及时反馈，提高申请通过率；
5.为学生提供必要的签证培训、入学前指导和临行资料整理。
任职要求：
1.本科及以上学历，英语相关专业、或有DIY申请留学成功者优先，应届生欢迎投递；
2.优秀的学习能力、沟通能力与服务意识；
3.优秀的英文翻译与写作能力，英语专业四级或八级、CATTI笔译证书、托福（100+）、雅思（7分+）相关考试任意通过1项，多者不限"""
英语翻译经理,"岗位职责：
1、为海外项目提供QHSE（质量、健康、安全与环境）方面的外文文件解读、英汉互译、招标文件编辑。
2、协助技术部门确保所有项目活动遵守相关的健康、安全和环境法规翻译工作。
3、负责项目的全面管理，包括项目前期规划测算、实施执行、结算回款、监控收尾等工作。
4、负责把控项目质量和进度，根据客户要求和相关法规标准，进行数据收集、分析整理；与客户沟通，确保报告内容准确、全面，满足客户需求。
5、负责监控项目全周期实施动态与客户进行充分的沟通协调、关系维护，以推进实施；适时挖掘潜在业务需求。
6、与当地政府机构和合作伙伴进行沟通协调，确保项目顺利进行。
7、服从公司管理，与团队成员合作，完成公司指定任务。
【任职要求】
1、英语专业本科及以上学历，具有优秀的英语听说读写能力。
2、石油、石化或相关专业，从业经历丰富且过往工作业绩突出者。
3、具备良好的项目管理和协调能力，良好的沟通技巧和团队合作精神。"
英语翻译（驻非洲）,"工作地点：非洲埃塞俄比亚东方工业园
有意向的应聘者请将简历发至邮箱：***************
一、要求：
1、大专以上学历，能熟练地应用英语，英语口语熟练，英语四级以上，有相关办公室助理、销售、采购工作经验者优先。
2、因国外生活环境比较简单枯燥，需能适应长期在国外工作，拥有吃苦耐劳的精神。至少签订三年的劳动合同期限。
二、工作内容：
行政翻译（厂长助理）：主要从事与当地政府办事机构、厂区内外籍人员的沟通交流以及一些行政通知文本的书写及发布。对外事务（采购、销售）：主要是在当地进行相应物资的采购以及公司产品的销售。具体岗位将根据公司需要进行调配。
三、福利待遇：
1、第一年年薪15万元，以后逐年递增，表现突出者增幅较大，工资在国内发放个人银行卡。
2、每年可带薪休假回国一次，休息半个月，公司提供食宿及来回机票。国内（苏州）办理社会保险（养老，医疗，失业，生育，工伤）。
四、面试地点：
江苏省苏州市张家港市金港镇香山路（其元集团内）
五、联系方式：************唐先生
有意向的应聘者请将简历发至：***************
埃塞俄比亚东方工业园网址http://www.e-eiz.com/
职位福利：包吃、包住"
兼职-英语翻译,"现场陪同翻译/会议翻译
要求：英语专业，做过现场翻译，熟悉建筑行业专业词汇，对外贸行业比较了解
待遇：面谈"
文控及英语翻译,"岗位职责:
1、负责技术文件/管理文件发行、存档、管控；
2、协助项目经理参加国外客户项目会议，英文同步翻译；
3、负责国际客户的日常接待工作；
任职要求：
1.熟练的英语听说读写能力，无障碍沟通；接受出国出差；
2.熟练使用office办公软件及办公自动化设备
3.有一定的应变能力，工作细致认真条理性强"
售中助理工程师(英语翻译）,"1、负责统筹跟踪客服部门日常管理工作并做出合理安排，主要包括：
（1）安排、陪同国内外订单客户监造，验厂及验货；
（2）负责客户监造、验厂及验货出现异常时的跟踪；
（3）国内外参观客户的接待；
（4）周报及月报数据的审核；
（5）客户档案更新的跟进；
（6）年度客服工作的规划；
2、做好新员工工作内容及公司纪律培训；
3、定期统筹基地监造验货订单排产情况，根据订单排产及订单性质合理安排人员；
4、统筹厂内参观及验厂，根据人员工作安排做好合理分配；
5、负责前期与销售、SOC及第三方的对接及信息沟通；
岗位要求：
1. 知识要求：本科及以上；
2. 技能要求：熟悉电脑办公软件操作/TEM4/大学英语6级以上；
3. 需要对接外国客户，英语口语可正常交流；
接受应届毕业生"
建筑英语翻译,"1.负责幕墙项目相关中英文资料的笔译工作，包括但不限于技术方案、施工图纸、产品说明书、材料清单、合同条款等，确保翻译内容准确、完整，符合行业规范及专业表达习惯。
2.协助整理和维护翻译术语库，收集幕墙行业最新技术词汇及表达方式，持续提升翻译效率与专业性。
3.配合国际业务团队完成项目前期对接、投标文件准备等工作，提供翻译支持及跨文化沟通建议。
4.完成领导交办的其他与中英文翻译相关的工作任务。
任职要求：
1.本科及以上学历，英语、翻译、建筑类相关专业，持有英语专业八级（TEM-8）证书，具备扎实的中英文语言功底，听说读写译能力全面。
2. 1-3年及以上建筑行业或幕墙领域翻译工作经验，熟悉幕墙设计、施工工艺、材料性能等专业知识，能精准理解并翻译行业技术术语，有国际幕墙项目翻译经验者优先。
3.该岗位需要不定时出差至阿尔及利亚地区，介意者务投"
驻外英语翻译,"职责描述：
1.日常口译：协助我方工程师或项目经理与外方进行良好沟通，包括（但不仅限于此）节点工作的验收，周例会，月例会，设计联络会，设备安装调试等工作期间的陪同翻译；
2.书面翻译：包括（但不仅限于此）日常与外方的各种信函、备忘录、技术说明书以及提交报验资料的翻译工作等；
3.协助属地物资采购及属地用工管理工作；
4.负责项目所在国家及地区的公司及其他行政类注册事宜；
5.开展项目人员招聘与行政管理相关工作；
6.上级领导分配的其它工作。
任职要求：
1、专科及以上学历，具备5年以上相关工作经验，有沙特、卡塔尔、科威特、阿联酋等国相关工作经验及参与建筑行业翻译经验者优先考虑；
2、具备良好的沟通协调能力、团队协作能力、抗压及执行能力；
3、持有有效机动车驾驶证，具备熟练驾驶能力，可满足外勤工作需求。"
英语翻译（兼职）,"1、主要负责展会或接待国外客户时现场英语口译；

2、文稿类翻译、校对。"
英语翻译（武汉国企）,"大型船舶国企招聘英语翻译2名
1.派驻时间：2025年12月-2026年12月（可续签）
2.派驻人数：2人
3.任职资格：本科或以上学历，英语好，有语言资格证书，有船舶机械翻译经验优先，武汉本地翻译优先，外地需自行解决住宿问题。
4.工作职责：
负责船舶制造原理的培训翻译，生产现场的沟通交流，相关文档的记录工作等。
工作时间：周一至周五，每天8小时。
工作地点:武汉新洲
食宿：厂区对面民房租金400-800/月不等，厂区有食堂，餐补12元/工作日。
适应期合格且工作满1个月可以报销外地来汉火车费。"
英语翻译（总经理助理）,"总经理助理
岗位职责：
1、协助领导负责营销工作；
2、负责协调各种内部、外部资源；
3、客户回访，了解客户需求，以提高客户满意，促成客户二次开发；
4、完成上级领导分配的其他日常任务。
岗位要求：
男女不限，应届毕业生，需要有驾照，有英语特长优先； 具有良好的人际交往能力和语言表达能力，组织协调能力和团队协作能力。
薪资待遇：
底薪4000-6000，具体薪资结构及待遇面议，有餐补，不包住，有空调，节假日福利，生日福利，社保，单休
工作地址：芙蓉区世茂环球金融中心1912-1914房"
英语翻译质量把控-实习岗,"【该岗位目前只面向2026-2027年应届毕业生】
【工作内容：】负责英语及多语言翻译项目质量相关的：
控制工作：包括源文件分析，翻译 Instruction准备，翻译文件检查，语言资产维护等
协调工作：在项目进程中给译者提供相关支持，主动预见潜在质量风险并采取相关措施，勤于思考并提供解决方案
沟通工作：能在客户、内部生产团队和译员之间进行有效沟通，保证项目按照计划顺利进行
【任职要求】（具备以下任意两点）：
· 大学本科及以上学历，通过CET-6，具有良好的中英文听说读写能力
· 掌握一门以上的外语，例如日语、韩语、泰语、阿拉伯语、俄语、西班牙语、法语、德语、丹麦语、荷兰语、葡萄牙语等等
· 掌握本地化翻译工具的使用，例如Trados等
· 能够快速掌握计算机工具的使用，对各类办公软件、工具、平台有一定程度的掌握或者强烈兴趣者优先
· 熟练掌握本地化翻译规则
· 具备极强的时间管理能力，耐心细致，有责任心
? 实习期福利：
· 完善的入职培训和系统的业务、管理及语言培训
· 弹性工作时间，双休，法定节假日
? 转正后福利：
· 公平公开的晋升机制
· 外派出国工作、培训机会
· 有竞争力的薪酬体系
· 五险一金
· 弹性工作时间，双休，法定节假日及14-22天额外带薪年假
· 工作之余寓教于乐的文体活动
· 无微不至的员工关怀：午餐补助、档案户口、员工补充医疗保险、配偶或子女医疗、意外险、健康体检、传统节日福利、团队活动、新生儿大礼包、哺乳室、下午茶、咖啡等。"
英语翻译秘书,"【工作内容】
- 负责公司日常文件、邮件及会议资料的中英文互译工作；
- 协助部门完成外事接待、商务沟通等涉外事务的翻译支持；
- 整理和归档各类翻译资料，确保信息准确无误；
- 配合团队完成跨语言沟通任务，提升内外部协作效率。
【任职要求】
- 大专及以上学历，英语或相关专业优先；
- 具备良好的中英文表达能力，能准确理解并翻译专业内容；
- 有较强的学习能力和责任心，能够适应多任务工作环境；
- 不限工作经验，有相关实习或翻译经验者优先考虑。"
驻外英语翻译（常驻日本）,"一、岗位概述：外驻日本，负责总裁日常英语教学及海外考察期间随行翻译。
二、岗位职责：
1.负责总裁日常英语教学：根据总裁学习需求，开展商务口语、专业词汇、跨文化沟通等教学；
2.承担总裁海外考察期间的随行翻译与事务协调职责；
3.高效落实总裁交办的各项工作。
三、任职要求
1.年龄35岁以下，国内外知名院校英语或翻译相关专业本科以上学历，具备英语专八、CATTI二级或同等资质；
2.至少1年及以上相关岗位工作经验，拥有高管随行翻译、教学实践或海外工作经历者优先；
3.英语口语流利，具备多场景即时翻译能力；
4.基础日语沟通技能（日常交流水平及以上）；
5.具有优秀的沟通协调能力，积极主动，服从安排，能承受一定的工作压力，可适应外驻日本（驻点＞3个月）。"
商务英语翻译,"岗位内容：
1. 负责公司所有英语资料的翻译工作，如邮件、文档、合同、技术说明等。
2. 协助相关部门进行与国外客户的英语邮件沟通。
3. 参与英语会议、谈判的口译和笔译工作。
任职要求：
1. 熟练掌握英语听说读写能力，具备良好的英语表达能力和翻译能力。
2. 能承受较大的工作压力，具备一定的英语翻译经验，熟悉使用常用办公软件和翻译工具。
3. 具备优秀的团队协作能力和沟通能力，思维敏捷，逻辑清晰。
机械设备从业经验优先"
英语翻译兼行政,职位描述：  1、负责公司文件、合同等相关文件的翻译工作；  2、负责会议现场的翻译及会议记录；  3、协助总经理或公司其他部门人员与客户的沟通交流；  4、所有日常行政事务的执行，如环境空间管理、会议支持、物业对接等后勤支持；  5、考勤统计与数据收集；  6、公司资产管理，如办公物资申请与发放、固资与非固资的日常管理（含锦渝行政库房管理）；  7、接待服务，如协助客户接待、酒店预订、公司领导层的差旅服务等，以及费用报销；  8、办公费用的报销，包括并不限电信、租金、物业、水电等费用报销；  9、接收总经理安排的各类事务性工作及专项工作；  10、其他临时事项工作。    任职要求：  1、大学本科及以上学历，英语专业，三年以上翻译或行政相关工作经验优先；  2、口语表达良好，能进行流畅的商务沟通；  3、工作细心，责任心强，具备良好的服务意识；  4、具有较强的沟通、协调、组织能力以及团队精神。
涉外英语翻译（千代福公司）,"--------------------------------------岗位职责--------------------------------------
1.公司相关文件翻译和审校工作；
2.公司涉外谈判口译及笔译整理，与海外合作方进行沟通；
3.公司海外项目运营管理。
--------------------------------------岗位要求--------------------------------------
1.政治可靠，诚实守信，有责任心和团队协作精神，无违法违纪行为，符合政审要求，京内生源优先；
2.英语专业应届本科及以上学历，通过大学英语专业八级考试或CATTI笔译二级及以上证书，能独立且熟练使用英语进行工作。
3.具备较强中英文写作功底，掌握较丰富的翻译理论和翻译技巧；
4.有较高的职业素养和良好的沟通表达能力，能够适应海外出差；
5.有涉外项目管理经验和相关知识者优先；
--------------------------------------薪酬待遇--------------------------------------
资税前5500-7000元，可申请中心集体宿舍，提供五险一金，带薪年休假、体检、有外派出国和海外出差机会。入职与北京千代福信息技术有限公司签订劳动合同。
--------------------------------------特别管理约定--------------------------------------
接受加班，遵守各项保密制度。"
技术部-英语翻译,"岗位职责：
一、沟通翻译

1、在技术团队与外部合作伙伴、客户的沟通交流中，提供口译服务，确保信息准确传达。

2、协助技术人员参加国外视频会议、研讨会、方案评审等，进行现场翻译。



二、文档翻译

1、负责技术文档、说明书、操作手册等的准确翻译，确保译文符合行业规范和技术要求。

2、对技术术语进行准确翻译和统一，建立并维护技术术语库。



二、项目支持/质量把控

1、参与技术项目的国际化进程，为项目提供翻译支持，确保项目顺利推进。

2、对自己的翻译成果进行严格的质量检查，确保译文的准确性、流畅性和专业性。

3、协助机械设计师进行产品设计工作，包括绘制二维图纸和三维模型。



三、领导交待的其它工作。



任职要求：

1、本科及以上学历，机械及自动化相关专业优先，接受应届毕业生；

2、英语六级以上，听说读写流利，可以阅读和理解相关技术文档。

3、较强的学习能力、沟通协调能力，有责任心，吃苦耐劳，对非标自动化行业感兴趣；

4、工作认真负责，具有团队协作意识，适应加班。"
医学英语翻译,"工作内容：  1.负责医学医药稿件的翻译和译审工作  2.负责校对兼职译员的返稿工作  3.负责领导安排的其他工作内容  岗位要求：  1．本科及以上学历，英语专业八级；生物、医学、化学、药学相关专业英语达到六级以上水平；  2. 精通医学医药领域中任一领域的中英互译,具备较强的中英文书面表达能力；  3．热爱翻译工作，三年以上医学翻译公司翻译或审校工作经验；  4．会使用trados软件，熟练掌握翻译、审稿或校对等技巧；  5．工作认真负责、细致、责任心强；具有良好的团队合作意识，具备一定的学历能力, 并能保质按时完成工作内容；  6．持有人事部CAT二级或三级笔译证书者优先考虑。职位福利：五险一金、绩效奖金、加班补助、带薪年假、员工旅游、节日福利、弹性工作、周末双休"
初级英语翻译,岗位职责：  1、完成部门分配的翻译任务；  2、与翻译部同事配合完成团队翻译项目；  3、与翻译相关的其他工作。  任职要求：     1、大专及以上学历，英文基础扎实，中英文文笔流畅；       2、热爱翻译工作，责任心强，工作认真细致，有良好的团队合作精神；       3、专四成绩良好/优秀或有翻译资格证书者优先；       4、能够使用Trados、MemoQ或其他翻译辅助软件者，优先考虑       5、接受实习生  职位福利：五险一金、带薪年假、弹性工作、餐补、交通补助、项目奖金
医疗器械，医疗文献，药典等医学文件英语翻译,"1. 本科以上学历，持全国翻译专业资格证书（二级/三级）或2年以上相关翻译/校审/编辑经验者优先；
2. 具备较为扎实的英文功底和良好的语言运用能力负责与内部项目经理对接，按要求完成翻译稿件的审校；
3. 具备基本的电脑操作技能，熟练使用office办公软件，具有一定的排版能力；
4. 工作认真、仔细、有耐心，责任心和时间观念强；
5. 具备一定量且扎实的医学领域知识；
6. 配合度高，对客户指出的问题及合理建议虚心接受，及时改进。
职位福利：带薪年假、弹性工作、每年多次调薪、节日福利"
英语笔译翻译,因笔译项目需求招聘：擅长  某一行业的翻译，熟悉建筑、电力（水利水电、核电、火电、风电）、路桥、铁路、地质、机械、电气、化工、生物工程、汽车、光纤通信、法律财经  军事军情方向     军事（卫生与医疗）等方向的笔译老师 优先
国际事务部经理兼英语翻译,"岗位内容：
1. 负责公司外事活动的翻译工作，包括商务会议、谈判、展览会等
2. 对接公司来访客户，提供专业翻译服务
3. 能够快速翻译和处理各类文件和邮件
任职要求：
1. 英语专业本科及以上学历
2. 有1年以上专业翻译经验，能独立处理日常工作
3. 精通行业术语，具有良好的文化修养和解释能力
4. 具备优秀的人际沟通和服务意识，乐于与人合作"
英语翻译/储备干部,"1、大学本科及以上学历，英语相关专业；
2、接受应届毕业生，内部培养学习生产工艺流程、熟悉公司生产经营，能接受以后外派工作（外省或出国）。
3、看个人能力定岗-未来职业发展路径：专业路线--英语翻译 管理路线--生产管理岗。"
驻非洲尼日利亚-英语翻译（店长方向）,技能要求： 英语工作地址：  非洲-尼日利亚-拉各斯/阿布贾     职位描述    职责描述：   在区域经理和店长的指导下对零售门店、店员及大客户进行管理。   1.与客户建立良好、稳定的合作关系并持续维护，建立良好的品牌形象，以提升产品的市场影响力   2.收集当地市场信息及竞争对手情报，会同品牌市场管理部进行分析并及时针对性的调整销售策略   3.当地员工的管理、培训、考核   4.其他上级交代的事项。   任职要求：    1.本科以上学历，性别不限，25-30岁优先，英语可作为工作语言，英语专业四级及其以上，非英语专业六级及其以上   2.具备1年以上的海外销售经验，能力素质优秀者可酌情放宽   3.性格积主动性强，有一定的影响力  职位福利：绩效奖金、包吃、包住、交通补助、餐补、通讯补助、带薪年假、免费班车
英语翻译（偏口译方向）,"岗位职责：
1. 参与公司对外商务谈判、会议等活动的现场口译；
2. 协助完成与国际客户或合作伙伴的口译交流；
3. 负责公司日常资料、PPT、方案、标书、设备及工艺流程等的翻译工作；
4. 负责海外客户环保项目咨询与邮件沟通、来访对接及项目地考察；
5.参加公司组织的海内外环保展会，接待海外客户；
6.公司领导接见海外客户现场口译（中/英翻译）。

岗位要求：
1. 具备优秀的英语听、说、读、写能力
2. 熟练掌握口译技巧，能够准确、流畅地进行现场翻译
3. 具备良好的沟通协调能力及团队合作精神
4. 有相关翻译、口译工作经验者优先考虑
福利待遇：


1、一经录用五险一金、商业意外险，节假日福利，差旅补贴等保障。


2、带薪年假、公司旅游活动。


3、接收落户、档案拖管、党员组织关系等。


4、科学合理的晋升机制，科技创新奖励机制等。





待遇：工资 + 补贴 + 有竞争力的项目奖金、奖励机制"
游戏本地化 英语翻译 上海,"岗位职责
1、负责游戏产品文本的中文到英文翻译及校对的相关工作；
2、负责游戏产品周边物料及资产的中文到英文翻译及校对工作，包括图文宣传物料、文案、社交媒体帖子、宣传视频、问卷等等内容；
3、与LQA团队合作，负责公司游戏产品的文本调优和修复工作；
4、协助运营相关工作，为策划提供文化风俗等等相关建议。
岗位要求
1、统招本科及以上学历，中英文读写能力强，英语TEM-8或其他同等资格；
2、有两年以上游戏本地化经验，有中大型项目经历的优先；
3、善于沟通，责任感强，抗压能力强，团队协作能力强；
4、英文游戏玩家优先；
5、有英翻中项目经验的优先。
注：必须需要游戏行业垂直类行业经验"
英语翻译（印度）,"地点：印度奥里萨邦
行业领域：焦油加工
项目周期：1年，签证办理完毕立即上岗
岗位职责
1、负责现场日常的口笔译工作；
2、领导交办的其他事务性工作。
岗位要求：
1、本科及以上学历，英语相关专业，英语听说读写能力佳。
2、有冶金化工相关工作经验者优先。
3、吃苦耐劳，适应能力强，能接受海外工作。
福利待遇：宾馆住宿，食宿全包，三个月休假14天。"
英语翻译（短期，出差海外）,"英语专业，能用英语作为工作语言。
出差补贴另算。"
英语翻译-大连,职位描述  工作地点： 大连旅顺4810厂附近  到岗时间： 尽快  项目周期： 年前结束，一般是双休  合作机制： 跟语言桥公司签项目合同，派驻到大连工作  工作内容：  1、主要负责项目现场的口译工作及部分笔译工作；  2、领导安排的其他工作。  岗位要求：  1、大专以上学历，英语专业优先；  2、有制造、机械、工程类现场翻译经验优先；  3、为人沉稳踏实、沟通能力强、有保密意识；    其他：  1、食宿自理  2、周末双休，若有加班可调休
驻刚果金英语翻译,"岗位职责：
1、在项目会议、政府拜访、外宾接待、签约仪式、施工协调会等场合，提供中英交传互译；
2、翻译项目相关文件，包括：合同草案、政府函件、安全规章、社区管理手册、宣传材料等；
3、了解刚果（金）本地文化、政治语境及沟通习惯，向中方团队提供沟通建议；
4、完成领导交代的其他工作。
任职要求：
1、持有中国CATTI二级或一级口译/笔译证书（英语方向），证书须在有效期内；
2、英语听说读写能力卓越，发音清晰，逻辑表达强，中文功底扎实；
3、有非洲工作或外派经验者优先；
4、能适应驻外生活，心理素质好，抗压能力强。"
英语翻译兼外贸跟单,"一、翻译工作
1.负责光伏组件相关材料翻译，确保内容准确专业。
2.参与国际客户、供应商会议，提供现场或线上口译支持。
二、外贸销售支持
1.通过邮件、电话或视频会议、海外拜访与海外客户对接，跟进订单进展。
2.配合销售团队进行市场调研、客户维护及订单流程协调。
三、工作安排
1.能接受长期驻格鲁吉亚。
四、任职要求
1.中国籍，英语听说读写流利，具备商务谈判水平(CET-6或专八优先)。
2.俄语能力优秀者优先(需能处理基础商务沟通)
3.有光伏、新能源或机械行业翻译/外贸经验者加分。
4.性格开朗，适应力强，能接受弹性工作及不定期海外出差。"
英语翻译本地化项目助理,"Job Responsibilities：
1. 协助项目经理开展和项目有关的所有工作，包括项目的准备、分发、跟进、交付检查、系统填写和财务请款等；
2. 配合项目经理，在内部生产部门和外部资源之间进行沟通，跟踪项目进度，监控项目风险，确保项目顺利完成；
3. 协助项目经理进行资源团队组建和优化，对资源质量和合作性进行定期反馈和评估，持续维护和加强资源管理；
4. 维护客户语言资产，包括翻译记忆库和术语表
4. 协助项目经理维护客户关系及客户投诉处理；
5. 项目经理交办的其它相关工作。

Job Requirements：
1. 最好有本地化相关经验
2. 本科以上学历，英语水平CET6 或者 TEM4以上，具备良好的中、英文书面及口头沟通能力
3. 具有较强的沟通能力和组织能力，良好的团队合作精神，跨团队、部门的项目资源整合能力
4. 对跨文化的工作环境及工作时间有较强的适应能力
5. 热爱本职工作，积极的心态，善于带动团队积极向上的氛围
6. 善于分享总结，持续改善现有流程和服务
7. 对海外发行有一定了解或者PMP证书为佳"
英语翻译-吉布提,"工作地点：吉布提ALI SABIEH水泥厂，该水泥厂已建设完毕，目前已投产，正常运营。
1. 岗位要求：英语可以日常沟通，性格外向，善于处理，人际关系。
2. 出国到岗时间：20天左右。具体以签证办理和购买机票的时间为准
3. 休假：根据项目部按排原则上满10个月休假32天。
4. 工作时长：项目上每周工作7天，每天不超10小时。
5. 工作内容：
a) 外方、业主、分包团队口译沟通、进步督办工作；
b) 行政文件起草。"
机械英语翻译（沈阳）,"1、大专以上学历，有销售翻译经验，熟悉机械产品，尤其是带式输送机产品的优先考虑。
2、英语听说读写能力俱佳
3、从事：项目对接、管理、跟踪、维护
4、能适应短期出差

职位福利：五险一金、高温补贴"
药品国际注册英语翻译人员,"1.负责药品国际注册全流程资料的中英双向翻译，确保翻译内容术语一致性、信息完整性、句式严谨性。
2.口译支持与沟通辅助。
3.主动对接药品国际注册专员，明确翻译需求（如目标市场、文件优先级、交付时效），根据注册进度调整翻译计划。?
4.协助注册专员梳理海外法规文件的英文核心信息，将复杂法规条款转化为易懂的中文解读，支撑注册策略制定（如某市场新增注册要求的影响分析）。
5.对接研发、生产、质量部门，获取翻译所需的原始资料（如工艺流程图、检验报告），若资料存在信息缺失，需协助沟通补充，确保翻译依据完整。?

6.完成翻译文件后，同步至相关部门（如法务、市场），并根据反馈进行必要的调整（如市场端对说明书翻译的通俗性优化建议）。?"
英语翻译主管,"一、岗位职责?

部门规划与管理：负责制定翻译部的工作计划和目标，组织实施并监督执行，根据实际情况及时调整，确保部门工作有序开展。同时，负责翻译资源的整合、管理和共享，包括翻译资料、词典、术语库等，提高翻译工作的效率和准确性。?
翻译质量把控：建立并完善翻译质量标准和流程，对重要翻译成果进行审核，确保翻译质量符合要求。定期组织翻译质量分析会，总结问题并提出改进措施。?
团队建设与管理：负责翻译团队的招聘、培训和绩效考核，提升团队成员的专业能力和工作效率。营造积极的团队氛围，增强团队凝聚力和协作精神。?
内外协调：协调翻译部与公司其他部门的沟通与协作，确保翻译工作满足各部门的需求。处理需求部门的翻译需求和反馈，维护良好的客户关系。?
二、任职要求?

学历与专业背景：英语翻译相关专业本科及以上学历，专业8级，笔译二级及以上。?
工作经验：具有 [3-5] 年以上翻译工作经验和 [1] 年以上团队管理经验。?
专业技能：精通英语等至少一门外语，具备优秀的笔译和口译能力；熟悉翻译行业的发展趋势和相关技术工具。?
综合能力：具备较强的管理能力、沟通协调能力、组织能力和解决问题的能力。?
职业素养：具备强烈的责任心、良好的职业素养和抗压能力，能够适应高强度的工作节奏。?"
海外项目助理、英语翻译,"岗位内容：
1. 负责公司所有英语资料的翻译工作，如邮件、文档、合同、技术说明等。
2. 协助相关部门进行与国外客户的英语邮件沟通。
3. 参与英语会议、谈判的口译和笔译工作。

任职要求：
1. 熟练掌握英语听说读写能力，具备良好的英语表达能力和翻译能力。
2. 能承受较大的工作压力，具备一定的英语翻译经验，熟悉使用常用办公软件和翻译工具。
3. 具备优秀的团队协作能力和沟通能力，思维敏捷，逻辑清晰。"
高级英语翻译,"本职位定岗为总裁秘书，专职英语翻译秘书。
岗位职责:
1. 负责总裁及其他需要翻译的同事进行日常沟通并完成翻译工作任务。配合领导语同事进行全英商务谈判，协调公司内外部资源
2.负责公司相关资料、文件、合同、邮件、外文文件的翻译及各类会议的口译工作
3. 与团队沟通和协作，包括分享项目或生产进展，告知潜在的延迟和生产问题，参加团队会议，协助反馈和更新
4. 负责组织开展各类外宾接待活动
5.负责总裁海外行程安排
6. 处理总裁吩咐的其他工作
任职资格：
1. 统招本科及以上学历
2. 英语及相关专业，需考过专八；或多年海外留学工作经验，母语程度口语
3. 非英专出身需3年以上的翻译工作经验，至少涉猎过金融翻译领域
4. 优秀的英语和中文口头和书面沟通能力，能做到流畅交传、翻译与撰写金融文章
5. 熟练使用Microsoft办公软件，如：Outlook, Excel, Word, PPT等
6. 有驾照
7. 身高160cm以上，长相端正、形象好、气质佳
其他技能：
1. 时间管理（能够在快节奏的工作环境中快速反应，多任务处理，承受压力，并在紧迫的期限内完成工作）
2.良好的团队合作精神和解决问题的能力，并具有强烈的奉献精神和客户服务意识
3.自我激励能力强，能快速学习广泛的知识领域
4.有驻海外工作经验者优先
4.兼会其他欧洲小语种优先（合乎此项要求者薪资可另谈）
至少达到专八、雅思7.5以上、CATTI口译二级以上、口语母语水平其中一个条件。
职位福利：五险一金、节日福利、带薪年假 、可接受英专优秀应届毕业生
本岗位为不定时工作制且公司执行大小周工作制，不能接受者勿扰！"
法规英语翻译实习生,1.负责查找、收集、国际海外的法规和标准，形成系统数据库;   2.负责将国际法规、标准和认证要求翻译成中文，确保翻译的准确性和专业性;   3.管理项目，包括项目进度的监控、文件的整理和质量控制管理;   4.持续学习和掌握最新的AI工具和翻译工具，提高工作效率和翻译质量。职位要求：  1.本科及以上学历，翻译、语言学或相关专业；  2.精通中英文，具备优秀的双语表达和写作能力，具有第二外语和汽车、医疗器械和食品行业实习经验者优先；  3.熟悉应用AI和翻译工具；  4.工作细致耐心，富有责任感，能够在压力中保持高效。
海外英语翻译（合伙人）,"急招！！！Guizhou籍优先；工作地点：贵阳和巴基斯坦；驻巴基斯坦满一年后带薪休假45天。
方舟科技（贵阳方舟科技有限公司/云上方舟科技（贵州）有限公司）招聘
贵阳方舟科技股份有限公司是创立于1998年的高新技术企业大数据企业，主要从事大型视频监控、计算机网络系统集成、建筑智能化等弱电项目的专业化公司，是新型智慧城市解决方案提供商，是中国西部安防系统集成商三十强、中国安防百强企业。方舟科技总部在中国贵州省贵阳市。贵州省绿水青山，风光秀丽，人称公园省，是全国首个大数据综合试验区。贵阳市是贵州省省会城市，是国家级大数据产业发展集聚区、大数据交易中心、数据中心集聚区，为中国首个国家森林城市。
公司实力雄厚，实缴注册资本10298.00万人民币，持有多项由国家工商、工信、公安、气象、保密、住建等主管部门颁发的资质许可和荣誉证书。同时，公司也已取得近百项专利和软件著作权证书。公司现有在职人员200余人，其中有教授4人、高级工程师12人、硕士博士14人，其售前的方案解决能力、售中的协调沟通能力、售后的网络（产品）故障维护能力都得到市场用户的高度赞誉，在行业内树立良好的口碑。所建设的弱电网络工程产品质量、工程质量，服务质量用户都有和很高的满意度，80%以上获得“优质工程”和“优良工程”评价！
公司在安防系统集成领域取得不俗业绩，特别是在视频监控领域内技术集成度最高、工程施工难度最大的“智慧（平安）城市”项目上，先后参与设计并承建了威宁县城市报警与监控系统（一期、二期、三期）、平坝县（一期、二期、三期）、盘县（一期、二期、三期）、三穗县、纳雍县、剑河县......等20余个市县的城市监控系统工程建设。方舟科技现已成为国内综合实力最强的新型智慧（平安）城市解决方案提供商之一。
方舟科技，为人类信息通信技术事业贡献力量！
目前，方舟科技响应国家“一带一路”战略，正在巴基斯坦开展业务，已经在巴基斯坦国首都伊斯兰堡设立分公司。方舟科技在巴基斯坦的使命是，把中国最好的安防产品和最优的智慧（平安）城市解决方案带到巴基斯坦，为平安巴基斯坦贡献力量。
方舟科技为了①给公司的“一带一路”行动战略提供源源不断地商务和技术团队支撑，②给公司总部的“大数据”行动战略提供源源不断地技术团队支撑，已在成都设立中继站—四川中电兴发科技有限公司，还在北京中关村设立研发中心—云上方舟科技有限公司。
方舟科技为进一步更好国际化和未来的IPO计划，已在香港设立分支机构--方舟科技集团（国际）有限公司。
方舟科技现正面向北京、四川、贵州乃至全国诚邀有识之士，加盟方舟科技。让我们一起，为人类信息通信技术事业贡献力量！
岗位职责：
①负责巴基斯坦项目技术人员、项目经理等与业主、合作伙伴、巴基斯坦当地人等日常沟通和交流的口译；
②负责整理各类资料、文件并分类保管及归档；参与国际部的投标文件的编制与递交。
③后期将负责其他城市甚至其他国家的新客户、新项目开拓。
④急招，近期陪同总经理赴巴基斯坦随行商务翻译。
岗位要求：

①具有较强文字写作和文档编排能力，英语CET6以上，中文能日常沟通，最好能识字和打字；
②行政管理、企业管理、工商管理、英语等相关专业本科以上学历；

③有较强的沟通协调、人际交往能力以及执行力；思路反应敏捷，悟性高，工作细心、严谨，具备优秀的公关交际能力，工作认真细致，有良好的服务意识、职业素养及保密意识；
④具备较强的中英文口笔译能力；

待遇：试用期1-3个月，试用合格后7000-8000元/月以上再加提成。


https://www.bilibili.com/video/av86489676/
工作地点：
巴基斯坦拉合尔市Plot 185,Block D2， Phase 1,Johar Town,Lahore

职位福利：股票期权、交通补助、餐补、通讯补助、弹性工作、年终分红、绩效奖金"
英语翻译(驻非洲),"本职位工作地点为非洲无意向者慎投
基本要求：
1.23-29岁，身体健康，无传染性疾病，无不良嗜好，优秀人员年龄可放宽；
2.出国意向强烈，能接受长期外派工作，不接受勿投；
3.有无经验均可，但需要有护照，不符合勿投；
4.英语专业，其他专业英语优秀可考虑。
岗位职责：
1.配合经理及工程师及对当地外国工人进行人事管理；
2.与外方进行沟通协调；
3.配合公司其他部门工作等；
4.领导其他安排。
工资待遇：
1.年薪人民币17万+1.2万/年社保补助,共计18.2万/年；
2.公司免费提供食宿及日常生活用品，负责办理员工的意外伤害保险；
3.公司配车辆及司机
4.根据工作表现及工作能力，晋升职位和薪资
5.公司负责往返机票及各类证件
工作地点：
赞比亚，莱索托，津巴布韦，马拉维，莫桑比克，纳米比亚等非洲国家
合同期及休假：
1.第一个合同期为一年半，合同期满后休假三个月；
2.第二个合同期为一年，合同期满后休假两个月。
再次提醒，本职位工作地点为非洲，无意向者慎投
职位福利：包吃、包住、配车配司机、配厨师、配保姆、通讯补助、出国去看看

职位亮点：赞比亚，莱索托，驻外，非洲"
英语翻译（电气自动化方向）,"英语能够作为独立沟通语言；
熟悉电气自动化方向英语，能够用英语交流并翻译相关行业和产品资料；
电气自动化专业最佳，熟悉电气原理，电气绘图及PLC。"
注册文件英语翻译,"工作内容：
1.负责公司中英，英中医药注册文件的专业英语翻译工作，确保翻译内容准确、专业、符合行业规范。
2.与项目团队紧密协作，理解文件背景和专业需求，及时沟通解决翻译过程中的问题。
3.对翻译后的文件进行校对审核，保证译文质量，符合提交标准。
4. 负责领导安排的其他工作内容。
任职要求
1.具有药学相关专业背景，熟悉医药行业术语和知识。
2.精通英语，具备较强的中英文书面表达能力，需要有3年以上中英互译的医药文件翻译经验。
3. 工作认真负责、细致、责任心强；具有良好的团队合作意识，具备一定的学历能力, 并能保质按时完成工作内容。
职位福利：五险一金、绩效奖金、加班补助、带薪年假、员工旅游、节日福利、周末双休等等"
英语翻译项目经理,"岗位职责：
1、负责日常工作中英互译工作，包括但不限于合同、报告、商务函件、技术文档、工程相关文档等。
2、对项目现场口译内容进行翻译、校对、编辑，确保项目现场的语言流畅。
3、协助其他部门完成涉外沟通、会议口译或商务谈判的实时翻译。
4、完成领导交代的其他事项
任职要求
1、责任心强，注重细节，能适应出差非洲、中东、中亚国家工作。
2、教育背景：本科及以上学历，英语、翻译、国际贸易或相关专业优先。
3、英语专业八级（TEM-8）或同等水平（如雅思7.0+/托福105+），中英文写作功底扎实。
4、3年以上翻译相关经验，熟悉[建筑行业新能源领域术语者优先。
5、熟练使用Trados、MemoQ等CAT工具，具备快速学习能力。"
英语翻译,"1.吃苦耐劳，积极主动、务实高效；  2.具备英语专业八级或同等水平，拥有出色的中英文听说读写能力，能够熟练、准确地进行商务场景下的口译和笔译； 3.有2年以上英语翻译工作经验,有一定商务、外事领域经验，具有驻外工作经验者优先;  4.工作地点:大洋洲巴布亚新几内亚，要求能适应长期国外工作与生活； 5、表现优异者奖金另计，机票、签证由公司承担。"
外贸英语翻译,"注：英语水平四级以上，具有良好的英语听说读写能力，能够流利地进行口头和书面翻译。
【岗位职责】
1、协助总经理处理日常事务，包括日程安排、会议组织、文件处理等；
2、负责总经理与内部各部门及外部合作伙伴的沟通协调，确保信息传递准确及时；
3、承担商务翻译工作，英语水平四级以上，能够流利地进行口头和书面翻译；
4、陪同总经理参加商务活动、应酬等，具备良好的社交礼仪和沟通能力；
5、协助总经理进行市场调研和业务拓展，收集、分析相关信息并提供有价值的建议；
6、完成总经理交办的其他临时性任务。
【任职要求】
1、大专及以上学历，国贸、英语等相关专业优先；
2、有1年以上英语翻译工作经验，有室内艺术设计相关经验者优先；
3、英语口头、书面交流流利，达4级及以上；
4、勤奋，有责任心，进取心，有很好的团队协助精神，服从性强，抗压能力强；
5、有时业务需要偶尔会出差。
【薪资待遇】
1、具体薪资待遇面议；
2、工作时间：上午9:30-12:00，下午14:00-18:30（鉴于外贸公司所对接的客户大多来自国外，因时差的缘故，上班时间可能会有一定程度的调整），大小周
3、享受法定节假日；
4、公司为员工购买五险（转正后购买）。
【工作地点】 广州市天河区环球都会广场1603"
跨境电商文案/英语翻译(地铁口/13薪),【地铁口│十三薪│免费工作餐│精品模式│自主研发产品│多项海外专利│一对一培训│定制职业发展│团队幸福感强】岗位职责： 1. 采集英文信息，包含商品详情、客户需求等； 2. 对采集回来的英文信息做对比分类等处理； 3. 根据中文产品描述，撰写商品英文文案； 4. 处理国外客户的英文邮件，达成客户满意度。任职要求： 1. 本科及以上学历； 2. 英语专业TEM-8；非英语专业CET-6；或雅思7.0以上； 3. 本工作需要大量的英文阅读理解，及少量的英文撰写；  4. 熟练使用Excel表格以及其它常用办公软件； 5. 具备优秀的分析总结能力，耐心细致，对工作充满热情； 6. 有1年以上跨境电商平台相关工作经验(亚马逊，eBay，速卖通，沃尔玛等任意经验均可)我们的福利：  【社保五险】按国家规定  【员工旅游】每年1-2次旅游  【包工作餐】提供免费的工作餐  【生日福利】每年生日会收到美美的蛋糕以及大家的温馨祝福  【娱乐活动】各种娱乐、文体、聚餐、年会活动等您来参加  【传统佳节】每年的传统佳节都会收到大大的礼包  【加薪制度】每年年底有加薪机会。从不降薪！杭州总部地址：浙江省杭州市上城区丁桥金色大唐城3幢  武汉分部地址：湖北省武汉市洪山区书城路窝牛创意大厦（地铁8号线文昌路站C或D出口；出站步行5分钟内可到公司大楼）
项目助理（兼英语翻译）,"要求：
1、22-28岁，大专以上学历；
2、懂五金、塑胶产品知识优先；
3、制造业项目工程或产品工程经验优先；
4、英语听说读写能力OK。"
英语翻译（石油/勘探/油田开发/化工类方向）,"岗位职责：
1.负责翻译项目经理派发的翻译任务；
2. 根据项目需求，翻译石油/勘探/油田开发/化工类文件;
3. 按时交稿，保质保量。
任职要求：
1 本科及以上学历，英语专八及以上水平，英语语言或石油/勘探/化工专业背景；
2 热爱翻译行业，在翻译领域造诣深厚，工作态度严谨，责任心强、有团队合作精神；
3 三年以上相关行业翻译工作经验，翻译量累计30万字以上，石油/勘探/化工行业翻译工作经验（资深翻译）优先考虑；
4 具有深厚的中英文互译功底，拥有CATTI二级笔译证书者优先考虑；
5 为人踏实，特别优秀者可适当放宽条件。
职位福利：节日福利、创业公司、项目奖金、大牛带队、周末双休"
1.5W-3W请儿童成长陪伴师带3岁宝宝上下学,"职位描述
儿童成长陪伴师
住家
幼师资格证
岗位内容：
1. 教婴幼儿基础知识和社交技能；
2. 协助制定周计划，监督各类教学活动的顺利执行；
3. 提供全方位的幼儿保育，记录学生日常表现和成长状况。
任职要求：
1. 具有良好的组织和时间管理能力；
2. 热爱孩子，能够营造温馨和谐的教育环境；
3. 可以适应灵活的工作安排和多任务工作压力。"
1.2W起请早教师专职带宝宝（不做饭，不做卫生）,"职位描述
幼儿园
岗位内容：
1. 对幼儿园教学计划进行规划和实施；
2. 提供安全、健康和积极的学习环境，并管理学生行为；
3. 与家长沟通，提供学生进步报告并解答家长疑惑。
任职要求：
1. 具备教育学或相关领域初中及以上学历；
2. 至少有相关工作经验最佳；
3. 了解幼儿教育课程和教学法；
4. 具有愉悦性格、责任心和协作精神。"
日托早教老师,"职位描述
幼儿园
早教中心
托育中心
普通话水平测试二级甲等证书
保育员职业资格证书
托管老师
保育员
托育老师
托班老师
岗位要求：
1、学前教育专业，大专及以上学历，持幼儿教师资格证/育婴师资格证；
2、热爱教育事业，喜欢幼儿，有爱心、耐心、责任心；
3、接受应届毕业生
岗位职责：
1.熟悉中心课程内容，按时完成教学任务，确保授课质量；
2.准备教案，及时与家长沟通反馈上课情况；
3.配合中心活动，做好家长回访工作；
4.做好班级家长工作"
幼儿园主班老师,"职位描述
幼儿园
早教中心
主班老师
因扩班需求，高薪招聘经验丰富，有爱心，有责任心，有教育情怀的主班老师！
岗位内容：
1. 对幼儿园教学计划进行规划和实施；
2. 提供安全、健康和积极的学习环境，并管理学生行为；
3. 与家长沟通，提供学生进步报告并解答家长疑惑。
任职要求：
1. 具备教育学或相关领域专科及以上学历；
2. 至少三年相关工作经验；
3. 了解幼儿教育课程和教学法；
4. 具有愉悦性格、责任心和协作精神。"
爱陪童聘幼儿学前教师,"职位描述
幼儿园
薪酬：
1、入职0.5年，培养成优秀幼儿教师，月薪3000-4000+
2、入职1.5年，晋升为精英教师，月薪3500-5000+
3、入职2-3年，晋升为主管，年薪8W-10W+
4、入职3-5年，晋升为园长，年薪12W-15W+
5、入职3-5年，成为创业合伙人，年薪50W+
6、特殊人才，薪资面议
福利：
①外地提供免房租住宿；
②带薪长假，节日福利；
③带薪旅游；
④五险、子女入学优惠；
任职要求：
1、大专及以上学历，大专学历须为本专业，本科可跨专业；
2、普通话标准，对学生有爱心，有耐心，有亲和力。
岗位职责：
1、按照教学计划认真备课，认真书写教案、准备教具，认真上好每节课；
2、关注班级每个孩子发展情况，针对孩子特点，采取相应的教育措施；
3、积极配合、执行学校的相关工作。"
幼儿园老师,"职位描述
教师
早教
幼师
线下授课
坐班
学校/学历教育
一、负责本班的全面教育，教学工作，促进幼儿身心健康和谐发展。
二、科学组织幼儿一日生活，认真执行生活作息制度，严格按照生活常规要求，培养幼儿良好的卫生习惯和生活能力，促进幼儿有足够的户外活动时间，寓教育于生活之中。
三、按要求制定学期、季度，月、周、日计划，并结合本园、本班实际情况，做好教具的准备，认真备课，促进计划的落实。
四、采用多种教学形式，让幼儿多看、多听、多想、多说、多做，培养幼儿良好的兴趣，注重个体差异不断提高教育教学水平。
五、创造条件开展各种游戏，组织幼儿观察、劳动、娱乐及各种节目活动。
六、全面了解每个幼儿，负责建立本班教育教学档案。
七、按季节特点和幼儿特点定期布置活动室，创设良好的环境。
八、注意幼儿生活、游戏及活动的安全，防止意外事故发生。
九、坚持记教育教学工作笔记，每周1—2篇。
十、做好家园联系工作，争取与家长配合，共同教育好幼儿，每学期做一次全面汇报。
十一、根据需要，积极创编教材，制作玩、教具，充实教学内容。
十二、积极参加教研、科研活动，做好实验观察记录，在教育、教学上有所创新。
十三、积极参加专业理论学习及技能、技巧培训，不断提高各科专业理论知识及实践工作能力。
职位福利：绩效奖金、年终奖、包吃、包住、全勤奖、带薪寒暑假、定期体检、缴纳五险"
幼师招聘,"职位描述
幼儿园
老师招聘要求：
1．具备学前教育及学科教学相关专业专科及以上学历，
2．年龄35周岁及以下
3．具有幼儿园教师资格证书。
4．普通话达二级甲等及以上。
保育员招聘要求：
1．具备中专及以上学历。
2．年龄35周岁及以下。
3．具有幼儿园保育员等级资格证或上岗资格证。
福利及待遇：
1，工作时间：一般早上8:00到下午5:30
2，教师的年薪在10万左右。保育的年薪在8万左右；额外年终奖
3，入职购买社保和公积金，；
4，提供工作餐，不提供住宿，一般是合租一个月几百元。"
清艳爱陪童 聘幼儿教师,"职位描述
幼儿园
1、入职0.5年，培养成优秀幼儿教师，月薪3000-4000+
2、入职1.5年，晋升为精英教师，月薪3500-5000+
3、入职2-3年，晋升为主管，年薪8W-10W+
4、入职3-5年，晋升为园长，年薪12W-15W+
5、入职3-5年，成为创业合伙人，年薪50W+
6、特殊人才，薪资面议
福利：
①外地提供免房租住宿；
②带薪长假，节日福利；
③带薪旅游；
④五险、子女入学优惠；
任职要求：
1、大专本专业及相关专业及以上学历，不限教资
2、普通话标准，对学生有爱心，有耐心，有亲和力，。
岗位职责：
1、按照教学计划认真备课，认真书写教案、准备教具，认真上好每节课；
2、关注班级每个孩子发展情况，针对孩子特点，采取相应的教育措施；
3、积极配合、执行学校的相关工作。
*更多职位详情，请投递简历、电话咨询HR。"
1.5万起急聘儿童成长陪伴师，做好有加,"职位描述
保育员
托管老师
【岗位职责】
? 陪伴孩子参与室内外活动，确保安全与体验
? 维护孩子生活环境及健康，保障饮食营养均衡
? 及时与家长沟通，汇报学习和生活情况
【任职要求】
? 有带孩子相关经验者优先
? 有耐心、有爱心，善于与孩子建立亲密关系
【薪资福利】
? 薪资12000-24000元，表现优秀可加薪
? 包吃包住"
单亲家庭请新手育婴师9千起带3岁宝宝,"职位描述
育婴师
岗位内容：
1. 为家庭提供专业的护理服务，包括协助喂养、换尿布、洗澡等日常护理。
2. 指导正确喂养，并解答其它育儿问题。
3. 管理新生儿的健康和安全，及时发现并报告异常情况。
任职要求：
1. 具备相关专业的育婴培训或工作经验。
2. 熟悉婴儿生长发育规律，对常见疾病和症状有基本认识。
3. 有耐心、细心、责任心"
保教主任（二七区）,"职位描述
幼师
教师
教学管理
岗位职责：
一、做好全园教师素质提高、专业技能培训等业务工作。有计划地组织教师业务学习。组织好园内教师的各项观摩、竞赛、评估等活动。
二、认真审批教师的学期计划和总结、教育教学计划、周安排表、教育笔记、教学效果反思、个案分析、观察记录等案头工作，负责、公平、公正地做好各项检查评估工作。
三、深入教学一线，检查、指导保育、教育工作情况，定期考核教师、保育员工作，有检查、有记录、有考评，不断提升教育教学质量。
四、组织开展教科研工作，协助教学园长主持召开园级教研会，指导教研组长召开年龄组教研会，指导班长召开班务会、家长会，做好经常性的家长工作，开展形式多样的家园联系及各类开放活动，及时反馈家长意见，协调家园关系，不断提高保教工作质量。
五、做好保教档案管理工作，建立教育、科研档案，档案分类入柜，科学管理，摆放有序，索引明确，查找方便，有效发挥其作用。
任职要求：
一、学前教育专业大专及以上学历，有教师资格证
二、5年以上学前教育行业工作经验，2年以上幼儿园管理经验；熟悉幼儿园保教管理常规工作流程及各项工作要求。
三、 良好的学习、沟通和协调能力，有创新意识。
四、熟练运用办公自动化软件，如excel、word、PPT等：
职位福利：包吃、包住、全勤奖、补充医疗保险、带薪寒暑假、节日福利、五险、周末双休

职位亮点：集团园，福利好，晋升空间大"
周末陪伴小朋友,"职位描述
有责任心
工作时间：只需要周末上班（一个月上8天，可兼职）
工作内容:和宝妈一起照顾两位宝宝分别1岁多，4岁，读绘本，讲故事，做游戏
薪资:500一天，4000一个月，一个月只上8天班。"
幼儿园综合老师,"职位描述
授课老师
幼儿园
【教育理念的重塑】：
玩中学：强调通过游戏和互动学习，使幼儿在玩耍中掌握基本技能和知识，同时保持其天性。
身心并重：注重幼儿的身体锻炼与心理健康，通过运动促进幼儿全面发展，减少因缺乏运动导致的健康问题。
个性化教育：针对每个幼儿的不同需求和能力，提供定制化的教育方案，确保每个孩子都能得到最适合自己的发展。
【教育环境的优化】：
空间拓展：打破传统教室限制，实现室内室外一体化教学空间，为幼儿提供更广阔的学习和活动场所。环境改善：加强改善校园环境，确保幼儿在一个安全、卫生的环境中学习和成长。
设施升级：更新教学设施，引入更多寓教于乐的教具和玩具，提高教学质量和趣味性。
【课程与教学的创新】：
幼小衔接：重视幼儿园与小学之间的衔接工作，明确大班结束后的基本目标项目，帮助幼儿顺利过渡到小学阶段。
国际化视野：为家长提供多样化的教育选择，包括国内和国际教育方向，满足不同家庭的需求。
【教师专业发展】：
教师培训：加强对教师的专业培训和职业发展支持，提升教师的教育教学能力和专业素养。团队协作：倡导团队协作精神，加强教师之间的交流和合作，共同提升教学质量。
【家园共育的强化】：
家长参与：鼓励家长积极参与幼儿的教育过程，与教师共同关注孩子的成长和发展。
信任与合作：建立家长与教师之间的信任关系，通过合作解决幼儿成长中遇到的问题。
责任与担当：强调家长和教师作为幼儿成长的重要责任人，应共同承担起教育和养育的责任。
【薪资待遇】
（1）提供给您体面生活的薪资收入，综合年薪区间：13-15万，经验优秀者薪资面议；
（2）提供给您五险一金；
（3）新入职教师与海南微城未来幼儿园签订劳动合同。
【各项福利】
（1）幼儿园提供口味丰富，营养健康的教工三餐；
（2）幼儿园提供舒适方便的住宿环境，拎包入住；
（3）为您提供校内晚间免费特色课10余种，供您放松身心，锻炼身体。
【其他给您的支持和帮助】
（1）凡幼儿园录用的应届（往届）本科及以上学历毕业生和在职教师均可办理海南户口；
（2）凡有租房、购房需求的教师，符合海南人才住房补助政策的，学校协助申请人才引进住房补贴。
【岗位职责及招聘条件】
1.负责3-6岁儿童的幼儿园的综合课程的教学及教学研究工作；
2.负责幼儿园综合课程体系的建设和完善；
3.负责参与幼儿园综合课程的研发工作；
4.负责幼儿园学生德育及班级管理工作；
5.本科及以上学历，有教师资格证，学前教育专业，或者中文类、数学类专业均可，有幼儿教学经验的优先考虑。"
国际幼儿园主班教师（海淀）,"职位描述
英文要求：大学英语六级及以上相关
幼儿园
国际园主班教师
幼师资格证
岗位职责：
?1.根据教学大纲要求，实施课程计划，完成教学目标。
?2.负责班级教学及管理，英文教学，在教学上与外教处于平等地位主导本班教学。?
3.按每日流程，负责幼儿到园接收及生活习惯、游戏娱乐活动引领，确保幼儿环境适应、生活安全。?
4.负责做好与家长的沟通与联络，及时反馈信息，解答疑惑等。??
5、对不同的特点幼儿进行分析引导，因材施教，因势利导。
任职要求：
?1. 大专及以上学历，学前教育、学前英语、心理学等相关专业；
?2. 有流利的英文听说读写能力，发音良好，持有教师资格证；
3. 有5年以上高端国际幼儿园主班工作经验；
?4. 热爱教育事业，喜爱幼儿，具备现代教育意识。
?5. 工作态度积极，方法温和，关注细节，细心耐心，善于交流与合作，乐于创新与发展；
6. 对美式教育和多元智能理念和体系有深入的了解；对幼儿各年龄段认知水平和敏感期等均有丰富的知识
7. 可以很好的开展家园共育工作，勤于与家长沟通。；
8.有留学背景或国外同样工作经历者可优先考虑。
职位福利：提供住宿、定期体检、带薪寒暑假
职位亮点：高端国际园的文化氛围，互相尊重以人为本。"
幼小衔接老师,"职位描述
培训机构
幼儿园
托管老师
幼师资格证
1. 根据课程计划备课、上课；
3. 学龄儿童作业辅导；
4. 与家长沟通，反馈学生的学习和生活情况。
要求：
1. 学前教育专业背景；
2. 有爱心，耐心，责任心；
3. 善于沟通，团队协作；
4. 有幼儿园工作经验者优先。"
病房学校老师,职位描述培训机构幼儿园幼师资格证社会工作  工作职责 ：  1.负责服务院内/外长期住院大病儿童，开展日常活动及课程；  2.通过与患儿、家长沟通，进行访谈工作等，完成需求评估和情况跟踪；  3.负责招募志愿者，对志愿者进行培训以及评估；  4.负责与院方沟通，维护院方医护团队关系；  5.负责资方维护，定期开展线上及线下活动，维护与资方关系；  6.完成机构日常行政工作，配合基金会完成项目点数据收集、统计等工作；  7.领导交办的其他工作。      任职资格：  1.认同基金会的宗旨、使命、价值观和工作原则，认同病房学校项目的意义；  2.本科及以上学历，专业不限（有幼儿教育、小学教育、社会工作、心理学相关经验专业或工作背景者优先）；  3.具有教师资格证；  4.能积极主动、有责任心；  5.具有优秀的书面和口头表达能力；  6.擅长拓展和维护人际关系；  7.具备统筹管理所辖区域内病房学校工作能力者优先。
蒙氏教学主任,"职位描述
幼师资格证
幼儿园
早教中心
托育中心
蒙氏教育
普通话水平测试二级甲等证书
良好职业道德爱学习.
最低专科学历 蒙氏教学经验至少三年，有蒙氏认证初级证书，中高级证书更佳"
亲子乐园招儿童脸绘双休,"职位描述
幼师
幼师资格证
美术
保育员
脸绘
亲子乐园
任职要求：
1、大专及以上学历，喜爱小朋友；
2、热爱生活，开朗大方，有较强的服务意识和亲和力，能与小朋友的家长良好沟通；
3、具有销售、幼师或者护理经验者优先考虑；
4、能流利使用普通话；会儿童脸绘优先
5、品行端正，无不良嗜好和记录，无纹身，无染发，无美甲；
6、接受弹性工作制和不同班次的安排。
岗位职责：
1、按照领导要求，确保正常营业时间内乐园区域的秩序和安全。
2、主动接待客户、热情、礼貌、耐心、周到地引导小朋友玩耍；
3、善于向宝宝家长介绍乐园票务，乐园设施及其他活动；
4、配合领班工作，服从领班或以上领导指挥，团结及善于帮助同事工作；
5、积极参加培训，不断提高服务技能。
薪资待遇： 4-5K
【福利待遇】
①入职购买社保、法定节假日三薪
②晋升机会多
③周休2天，固定休周一，周二三四排班一天休息，不保证连休，周五、周末、法定节假日、上班（法定节假日三薪）
④排班轮休制(9:00-18:00.12:00-21:00)，不接受指定班次:
⑤入职享受餐补、免费工装、带薪年假、生日福利、节日福利、员工福利等。"
引导师/儿童引导师,"职位描述学前教育保育员儿童引导师引逗师摄影指导摄影助理学校/学历教育  岗位职责：  1、负责拍照前宝宝服饰挑选/造型选定；  2、负责拍摄过程在引导宝宝情绪及动作,协助摄影师完成现场拍摄，保护宝宝安全性；  3、宝宝休息时陪同及协助家长；  招聘需求：  1、学前教育或护理专业优先录取；、  2、有育儿经验者优先录取；  3、对摄影行业有浓厚兴趣，具备一定审美观；  4、责任心强，细心，有耐心。  福利待遇：  薪酬：无责底薪+提成+奖金 平均月薪5000-10000左右，上不封顶哦！！！  福利：月度、季度、年度公司均设有荣誉机制，均有机会获得奖金、荣誉！  晋升：让优秀的人有施展才华的机会，和收获财富的空间！  社保：试用期2个月，购买国家五险！  成长：各种学习培训机会，提升技术技巧，增长眼界格局。  这里是一份工作，也是一份事业，更是一个有爱的大家庭！！  工作地点：  南门店：成都市天府新区麓山国际社区麓镇木莲街3号9栋202  面试地点：总部：青羊区青羊工业园区K区17栋东南门 5楼  工作时间：9点-18点    休息时间：月休 四天职位福利：带薪年假、员工旅游、绩效奖金、试用期全额、节日福利、五险"
全脑老师/益智课老师,职位描述培训机构  职位描述  1. 任职资格：  ü 专科以上学历，师范类、幼教、小学教育专业优先；  ü 幼儿专注力思维教学经验或课外辅导经验优先；  ü 五官端正，外形得体，有亲和力，有责任心，师德良好，态度积极；  ü 普通话标准，表达能力强，思维灵活，善于沟通，兴趣广泛；  ü 热爱教师工作，熟悉数学思维的课程设置和课本特点；  ü 教姿教态端正；  ü 善于掌握学生的心理特征和学习特点，能因材施教灵活教学，有创新的思维和能力，能开拓多种教学方式。  2. 岗位职责：  ü 负责会员专注力课程常规课及Demo课教授；  ü 根据校区的统一授课标准为会员教授课程，并进行教案的维护与更新；  ü 积极做好会员的回访及维护工作，对家长做好课程回访；  ü 掌握会员学习情况，了解其心理发展特点，最终做好会员成长档案；  ü 培养会员良好的学习习惯和兴趣，并做好专业技能锻炼；  ü 负责校区的教研交流、教学研究、集中备课、培训等活动的组织协调工作；  积极参加校区组织的其他活动，完成上级领导布置的其他工作。  ?  公司统一培训，有经验者优先
阅读老师,"职位描述
阅读老师
阅读
早教中心
读书会
普通话水平测试二级乙等证书
爱孩子
约读书房昆明盘龙店
招聘岗位：阅读老师（阅读指导师）
岗位职责：
1、主要针对7-14岁孩子，以读书会的形式，作为阅读指导师，通过引导阅读、陪伴分享，降低阅读难度，提升阅读兴趣，让孩子爱上阅读。
2、根据每周读书会内容，每天读书、练习分享、沟通和反馈。
3、读书会结束后及时与会员沟通，关注会员读书情况，能够通过书籍影响孩子，通过读书会帮助孩子成长。
职位要求：
1、大专及以上学历，有教育相关经验优先，年龄在22-35岁之间；
2、有良好的语言组织和表达能力；
3、热爱阅读，喜欢分享，有亲和力和感染力；
4、喜欢教育行业，喜欢孩子，有耐心和服务意识。"
双语早教指导师,"职位描述
双语教师
早教中心
我们正在寻找富有经验的早教中心指导师，负责设计和实施高质量的早教课程。
工作内容：
1. 开发并实施符合国家标准的早教课程；
2. 评估孩子的学习进度并提供个性化指导；
3. 与家长沟通孩子的成长和进步；
4. 参与教育研究，不断更新教育理念和方法。
岗位要求：
1. 双语教学；
2. 责任感强；
3. 有早教中心指导师经验，金宝贝指导师优先录取；
4. 热爱教育事业，喜欢孩子，有耐心和责任心；
5. 良好的沟通能力和团队合作精神。"
儿童乐园助教,"职位描述
助教
托管老师
英语
舞蹈
任职要求：
1. 英语或幼教专业，优秀应届毕业生也可。
2. 喜欢跟孩子接触，具有服务意识，为人正直、诚实、敬业，热爱儿童游乐事业，有爱心；
3. 具有良好的职业道德，强烈的责任心和事业心，具备团队合作精神，执行力强；
4. 口齿清晰，有良好的心态和抗压能力(能主动积极与顾客，同事和管理层沟通，建立联系)。
岗位职责：
1.负责场馆内孩童玩乐安全，用英语与小朋友打招呼、做提问式互动沟通、玩乐规则的讲解等一切沟通及互动；
2.解决场内客人的各项需求并回答各类问询；
3.全面、充分了解各种应急预案，并在出现突发紧急的时候做到正确引导，如在必要情况下帮助疏散顾客；
4.负责所在区域随手清洁和消毒，确保工作区域的干净和整洁；
5.会熟练使用短视频、活跃气氛、协助组织本门店开展各类主题活动，如亲子游戏、生日会活动主持、应季主题活动等；
6.完成领导安排的每日任务。"
School Secretary,"职位描述
双语教师
助教
幼儿园
幼师资格证
英语
英语流利
QUALIFICATIONS:
· College degree or higher.
· Excellent communication skill both in Chinese and English.
· Computer literacy and skilled in office software.
· Able to work in demanding, result oriented and often highly confidential environment.
REPORTS TO: Principal
JOB GOAL: To proactively assist with efficient, systematic and organized daily school operations, liaising externally with the parent community and internally between academic and administrative departments.
JOB DESCRIPTION: As a member of the academic team, the Kindergarten Administrative Assistant fully supports the principals in daily administrative work as a primary personal assistant. In addition, the Kindergarten Administrative Assistant acts as a liaison officer with the wider kindergarten community, ensuring smooth and efficient academic operations.
RESPONSIBILITIES:
General:
1. Promotes the values and mission of YCE Kindergartens.
2. Implements school-wide policies.
3. Promotes and maintains a positive working environment in the kindergarten.
4. Attends all meetings as required by the school administration.
5. Maintains records of attendance (e.g., daily, early dismissal, afterschool care, enrichment activities).
6. Assists leadership during emergency evacuations.
7. Maintains relevant, timely and accurate documentation.
8. Maintains confidentiality with documents and issues.
9. Assists to identify problems and provide suggestions and solutions.
With Teachers:
1. Liaises with teachers when new children join the school.
2. Liaises with parents when needed by the teachers.
3. Assists teachers in preparation of necessary paperwork between the academic and administrative departments.
4. Assists with the registration of workshops.
With Parents:
1. Ensures new and existing families have the correct information (parent ID passes, information home, etc.).
2. Assists with communication with parents about a variety of issues.
3. Refers all parent questions, comments and concerns directly to the relevant person.
4. Acts as point of reference and school contact for parents.
With admissions:
1. Maintains class lists.
2. Helps to ensure up-to-date contact details for enrolled families.
3. Assists with filing and file management.
4. Assists families with enrolment and withdrawal paperwork and procedures.
With the Principal:
1. Informs the principal of attendance, relevant absences, children leaving campus etc.
2. Assists the principal with updating child and parent information.
3. Maintains academic operational budget records.
4. Assists principal with translation and interpretations.
5. Assists the principal with parent communication.
6. Assists the principal to receive visiting families and guests.
7. Assists with coordinating and communicating with other relevant departments.
8. Handles emergencies independently while the principal is away.
EVALUATION: Performance of this job will be evaluated by the principal in accordance with Board Policies and Protocols.
NOTE: The above job description reflects the general requirements necessary to describe principal functions or responsibilities of the job identified and shall not be interpreted as a detailed description of the work requirements that may be inherent in the job, either at present or in the future."
【国际幼儿园】班主任/配班,职位描述双语教师幼儿园幼师资格证工作职责：Job responsibilities  1、协调管理班级工作，班级同事合理分工，高效配合。   2 、与家长保持密切沟通，沟通有记录（见班级家访本、电访本或约访本）。   3、做好班级幼儿考勤记录、填写好班级日志。   4、每周组织召开班工作会议，组织班级教研活动。   5、根据班级实际情况，开展家园活动等。   6、按照园所工作流程规范监督和督促班级日常工作的开展。   7、按照幼儿园要求，按时发放班级教学资料、园所通知等。   8、组织协调班级内老师一起完成幼儿成长故事的书写、幼儿阶段测评工作的完成。   9、园所安排的其他临时性工作。 我们希望你是：  1、本科学历及以上，学前教育专业。2、持有幼儿园教师资格证，5年以上幼教带班工作经历。3、热爱教育事业，喜欢与幼儿在一起，有活动，形象气质佳。  4、具备良好的沟通能力，问题解决能力和领导力，安全意识和团队意识强。  5、有一定的英语口语沟通能力，具有海外幼教经验者优先。  福利待遇：   1、愉悦的国际化工作及学习氛围；   2、先进的国际化理念和快节奏的成长空间；   3、行业内有竞争力的薪酬和激励体系；   4、完善的福利（周末双休，五险一金，带薪寒暑假，年终绩效，包吃包住，节日福利等）；   5、IB及国内课程相关的培训机会；   6、享受子女入学集团学校/园所的学费优惠等。
水育早教老师,"职位描述
早教
游泳
岗位内容：
1. 实施幼儿教育计划并监督学生学习进展；
2. 管理教室和学生行为，维持一个安全、积极的学习环境；
3. 与家长协商沟通，创建亲密的师生关系。
任职要求：
1. 拥有不少于两年的幼儿教育工作经验；
2. 具有幼儿或相关领域的本科及以上学历；
3. 热爱幼儿教育且具有耐心和细心的态度；
4. 能够主动解决问题且善于沟通交流。"
儿童桌游门店讲师,"职位描述
早教中心
儿童桌游师
普通话水平测试二级乙等证书
桌游
有教育经验优先 形象好 口齿伶俐"
儿童成长陪伴师,"职位描述
早教
保育员
幼教
15K起
深圳南山华侨城纯水岸住家，妈妈和6岁孩子，请有爱心，耐心，责任心，喜欢小朋友的老师，要会早教游戏互动和幼小衔接，简单英语，行为习惯学习习惯引导，家里有做饭做卫生阿姨，薪资15000可双休"
住家儿童陪伴师,"职位描述
双语教师
武汉找儿童陪伴师
专带2岁宝宝，早教英语启蒙，发音标准，要求本科学历，有英语陪伴经历。2W/26天"
托育副班老师,"职位描述
早教
幼师
幼师资格证
托管老师
培训机构
早教中心
托育中心
一.主要职位描述：
1、负责婴幼儿每日在园的生活安排和作息安排；
2、负责完成教学任务，保证教学质量；
3、记录婴幼儿每日在园活动，做好和家长的沟通工作；
4、负责协助园区完成招生工作；
5、完成上级安排的其他任务。
二.任职要求：
1、 中专及以上文凭，最好是幼教、学前教育等相关专业；
2、在幼儿园、托育园、早教中心担任过1年以上主班老师经验；
3、年龄20-40岁，具有幼师资格证或育婴师证优先；
4、热爱幼教事业，善于与家长沟通互动；
三.薪资福利：
1.周末双休，法定节日休；
2.上班时间：8：00-12：00 14：00-18：00；
3.薪资：3000-3500（含个人五险）+续班提成；
4.提供早、午工作餐，提供宿舍；
工作地点：龙岐雅苑北区家美乐托育园（本园区不设暑假期，介意勿投）"
幼儿园安保,"职位描述
坐岗
秩序维护
学校/学历教育
工作职责 Job Responsibilities
1. 根据保安相关规定，负责做好放火、防盗、防事故等工作，保障园内安全
Responsible for arson, theft and accident prevention to ensure the safety of the kindergarten according to the security regulations
2. 严格按照验证制度，防止未经许可的人员进入幼儿园，维护幼儿园的治安秩序
Strictly follow the verification system to prevent unauthorized personnel from entering the kindergarten and maintain the public order of the kindergarten
3. 负责做好幼儿园信件的登记发放工作
Responsible for the registration and distribution of kindergarten letters
4. 及时处理幼儿园内发生的各种突发事件并及时报告
Deal with all kinds of emergencies and report in time
5. 树立崭新保安人员风貌，做好门卫室、操场、走廊卫生保洁工作，维护幼儿园形象
Set up a new style of security personnel, do a good job in cleaning the playground corridor of the guard room, maintain the image of the kindergarten
6. 完成领导安排的其它临时性任务
Complete other temporary tasks assigned by the leader
任职资格 Job qualification
1.有保安证优先Security certificate is preferred
2.有爱心，有责任心，关爱小朋友，服从管理，有较强的安全意识Caring, responsible, caring for children, obey management, have a strong sense of safety
3.人品端正，爱岗敬业，工作态度细致，踏实，能吃苦耐劳Good character, dedication, work attitude meticulous, steadfast, can bear hardships and stand hard work.

职位福利：周末双休、五险一金、定期体检、节日福利"
幼儿园主讲老师,"职位描述
幼儿园
职位描述：
（一）班级管理
1、根据教学主任的计划，负责制定本班的学期工作计划；
2、定期召开班务会，指导提高班上其它老师的工作能力。
3、做好班级管理，包括班级费用的合理使用、根据教学内容有计划的制作教具，更换或投放新教具，保管班级物质等；
4、做好班级的档案管理工作。
5、严格执行班级预算，保管好班级学习材料。
（二）日常教学
1、根据主题，制定本班月计划、周计划，并有质量的完成自己的半日活动计划。
2、能按照计划做好日常教育教学工作和班级环境的预备工作，保证孩子正常快乐的发展。
3、完成幼儿每日观察报告，认真记录幼儿日常学习情况观察记录表。
4、根据平时教学活动内容和幼儿作品的收集，制做专业月报告档案，交给家长。
（三）家长工作
1、及时、准确的把校园的各项通知和活动安排告知每一位家长。
2、根据教学计划，制定户外教学方案。
3、及时打电话进行家访，并组织班级老师加强与家长的沟通。
4、负责组织进行本班的家长会和开放活动，制定活动方案，完成活动总结。
5、做好家长联系工作，通过多种形式与家长共同配合完成教育任务，按时更换家长宣传栏资料，不断丰富家长服务的内容。
任职资格：
1、幼教专业大专及以上学历；
2、具有教师证、健康证；
3、3年以上班级管理经验；
4、教学教研能力强，综合素质高；
5、爱事业、爱孩子、责任心强、安全意识强、沟通能力、团队意识强；
职位福利：五险一金、绩效奖金、节日福利、带薪年假、周末双休、社保"
东郊记忆亲子乐园活动老师（双休）,"职位描述
幼师资格证
幼儿园
早教中心
托育中心
儿童脸绘
手工
绘本阅读
任职要求：
1、大专以上学历，1年及以上幼儿活动或儿童教育行业经验;
2、有幼教或心理学教育资格证、音乐或舞蹈背景、擅长乐器者优先;
3、会儿童彩绘，有一定美术或化妆功底，擅长手工、律动、绘本等儿童活动；
4、性格活泼开朗，亲和力强，喜欢小朋友，擅长与小朋友互动;
5、形象好、气质佳，能流利使用普通话:
6、品行端正，无不良嗜好和记录，无纹身，无染发，无美甲;
岗位职责：
1.玩乐活动：
①带领幼儿一起阅读一本绘本，通过提问及互动，帮助孩子更好地理解绘本的内容
②编排好适合幼儿的舞蹈动作和音乐，在场馆内邀请幼儿一起参与到律动中来，学习简单的律动动作
③带领幼儿一起完成主题手工活动，并且传递出幼儿在手工活动中的学习和成长;
④根据幼儿喜好，为场馆内的儿童画脸部彩绘
2、策划并组织开展游玩区域内的各类主题玩乐活动；
3、做好课堂前期准备及课后收尾工作；
4、协助节假日的活动装扮；
5、负责区域内顾客的安全，维护店内顾客游玩秩序；
6、负责区域内游戏规则说明、介绍及引导；
7、与其他部门协作完成各项工作；
8、完成上级领导安排的其他各项相关工作。
【福利待遇】
①入职购买社保、法定节假日三薪
②晋升机会多
③上班时间9:30-18:30，周休2天，固定休周一，周二三四排班一天休息，不保证连休，周五、周末、法定节假日、上班（法定节假日三薪）
④入职享受餐补、免费工装、带薪年假、节日福利、员工福利等"
生活老师（富力天禧城）,"职位描述
保育员职业资格证书
保育员
1、年龄在50周岁以内，高中及以上学历；
2、热爱幼教事业，有爱心、责任心、耐心；
3、有相关岗位的工作经验者优先。

职位福利：包吃、带薪年假、定期体检、员工旅游、节日福利、周末双休、全勤奖"
亲子课教师/小龄儿童早教教师,"职位描述
学前教育
亲子教育
教师
早教
特殊教育
培训/辅导服务
1. 负责半岁以上宝宝的亲子早教授课工作；
2. 熟知各年龄段儿童的各项发展水平，并根据儿童要达到的标准进行课程设计，课程计划、课程安排和课程实施；
3. 观察、分析、记录和总结儿童发展情况，积极参与每个儿童的个性化教学安排的制定；
4. 负责对教学教具的设计、制作、准备、管理和维护；
5. 与儿童、家长建立良好的沟通关系。
岗位要求：
1. 学前教育等相关专业，大专及以上学历，具有2年以上的亲子课授课经验，擅长蒙氏，感统，艺术等方面优先考虑；
2. 热爱幼儿教育事业，有爱心，有责任感；
3. 具有幼儿教师资格证，同时具备蒙氏教师资格证、特殊教育相关证书、康复相关证书、家庭教育相关证书等优先考虑；
4. 热爱并擅长于儿童相处，有较强的沟通能力；"
幼小配班老师兼主持老师,"职位描述
主持老师
幼小衔接
主持
语文
培训机构
早教中心
普通话水平测试二级甲等证书
喜欢孩子
早教幼小
岗位职责：
1、负责配合班主任老师完成教育教学、习惯培养、在校生活照料、家校沟通。
2、兼任主持老师。
3、协助学校组织各类文化、艺术活动，丰富学生的课外生活，展示教学成果。
任职要求：
1、热爱教育事业，具有亲和力，善于与孩子和家长沟通；
2、本科及以上学历，播音主持、学前教育、小学教育专业优先；
3、有教师资格证优先；
上班时间：7:30-16:30 8:00-17:00 8:30-17:30，三个班次按排班执行
休息时间：每周休息2天"
幼师,"职位描述
幼师资格证
岗位：幼儿园班主任
要求：男女不限，24到45周岁，本科以上学历，具有幼师教师资格证，身体健康，热爱中华传统文化
待遇：综合工资4000-5000元左右，五险一金，节假日福利，话费补助，包吃住，婚假，产假，带薪寒暑假等
宿舍：免费提供一室一厅，2人间宿舍，寝室内有厨房，可做饭。
伙食：三餐免费，免费水果
班车：周末班车免费往返长春"
8000-15000早教育婴师,"职位描述
托管老师
双语教师
教研
音乐
舞蹈
英语
幼儿园
托育中心
早教中心
幼师资格证
普通话水平测试一级乙等证书
保育员职业资格证书
岗位内容：
1. 教授幼儿基础知识和社交技能；
2. 协助制定周计划，监督各类教学活动的顺利执行；
3. 提供全方位的幼儿保育，记录学生日常表现和成长状况。
任职要求：
1. 具有良好的组织和时间管理能力；
2. 热爱孩子，能够营造温馨和谐的教育环境；
3. 可以适应灵活的工作安排和多任务工作压力。"
班主任（万柏林区中海宸悦）,"职位描述
幼儿园
幼师资格证
1、负责幼儿园班级教学工作。
2、负责家长沟通工作。
3、负责班级日常管理工作。"
出纳/财务助理,"会计从业资格证书
周末双休
五险一金"
内勤出纳,"周末双休
五险一金"
工程类会计出纳,
物流出纳,"会计从业资格证书
会计初级职称"
景区出纳,
出纳,
行政出纳专员,"周末双休
五险一金
环境氛围好
会计从业资格证书"
出纳员,"周末双休
五险一金
包吃包住"
综合内勤 出纳,"出纳
跟单文员
ERP熟练"
出纳会计,会计初级职称
财务出纳专员,会计初级职称
民营医疗-SMB主管,
食品配料销售客户经理,
销售,"新零售
日化
电子商务
O2O
房地产"
电梯销售,"建筑业
面销"
食品香精及添加剂销售,
销售经理（宠物医药领域）,"动物医学
宠物医药
宠物医院
干细胞技术
动物药学"
康师傅业务代表（东丽区）,"食品/饮料
面销"
润滑油销售,地推销售
中央空调销售业务（大港区域）,"面销/陌拜
渠道销售"
白酒销售经理,"渠道销售
代理商销售
年终奖金
五险
周末双休
节日福利
高提成"
【东丽区】科林净水招聘销售员,"个人客户
面销/陌拜
电话销售
地推销售
高提成
节日福利"
瓷砖销售,
暖通销售顾问,"KA大客户
个人客户
渠道销售
地推销售
门店销售
五险
节日福利
高提成
外出旅游
弹性工作"
【河北区】科林净水招聘销售员,"面销/陌拜
电话销售
地推销售
个人客户"
销售专员,"新零售
电销
渠道销售
店面销售
大客户（KA）
企业客户
个人客户
华北"
天津塘沽区业务代表,
【河东】招聘水卡销售员,"面销/陌拜
地推销售
个人客户
高提成"
销售员,"代理商销售
门店销售"
奢侈品销售导购,门店销售
国内贸易岗（派驻天津）,行业经验
茅台销售专员,
钢铁供应链业务经理/业务员,行业经验
水井坊专职（河东区、红桥区）,
商品销售,渠道销售
客户销售经理（阀门）,"阀门销售
仪表销售
流体
过程控制
调节阀"
客户总监（医院行业）,渠道销售
大客户销售经理,
大客户销售-天津,"直销
TO B
面销/陌拜"
美团酒店民宿-高星业务助理,
营销主管-天津,"区域销售
大客户销售"
建筑铝模板销售（五险一金+行业top+不坐班）,"建筑铝模板销售
总包单位开发
地产工程建材销售
面销/陌拜"
美团骑行-校园大客户经理（河北、天津）,
ka大客户销售经理（弱电/智能化/工业品）,"渠道销售
综合布线/弱电/监控
LED/机房/存储/服务器
电线电缆
监控/楼宇自控/数据中心
天地伟业/海康/大华"
乳品原料--餐饮渠道--销售经理,"区域销售
淡奶油
奶酪
黄油"
餐饮SaaS-大客户销售（京津冀）,
ka大客户销售,区域销售
大客户销售（北上广深沿海城市）,"渠道销售
大客户（KA）
区域销售
食品/饮料
餐饮业"
重点客户业务代表/重客业务管理,渠道销售
销售经理(电线电缆/综合布线/安防弱电/监控/数据中心/楼宇,"渠道销售
区域销售
代理商销售
建材销售
电线线缆"
烘焙配料销售经理,"食品/饮料
外贸/进出口"
销售（最美二娘）,"渠道销售
区域销售
面销/陌拜"
业务员,面销/陌拜
电缆附件-大客户销售,"渠道销售
面销/陌拜"
业务经理(弱电安防/智能建筑行业-五险一金）底薪8-15k,"区域销售
代理商销售
LED/机房/存储
监控/楼宇自控
电线电缆/综合布线"
劳务经理,"市场营销
市场推广
市场策划"
B端销售经理 双休,TOB
售前销售顾问,"渠道销售
面销/陌拜
区域销售"
团购经理/主任,
软件销售代表,"面销/陌拜
区域销售"
大客户销售（电力电子）,
大客户经理（政府关系）,面销/陌拜
客户经理（港口）,
b端大客户销售（固定六日双休）,"代理商销售
渠道销售
ERP系统
服务器
一体机"
集团大客户经理（北部地区）,"面销/陌拜
区域销售
添加剂销售经验
集团客户资源"
销售经理/大客户代表,"软件产品
网络通信设备
售前技术支持
售前
汽车"
【2025】大客户市场管理相关,
B2B大客户代表,"区域销售
渠道销售"
电力销售经理,区域销售
oem销售,
高级业务经理,工业水
生鲜客户经理,面销/陌拜
ka大客户销售代表 贝壳找房大平台 为客户提供购房方案,"渠道销售
面销/陌拜
区域销售"
【双休 五险一金】大客户经理,建材
客户代表 轻松月入三万 贝壳找房平台 无责底薪+五险一金+提成,"渠道销售
区域销售
面销/陌拜"
广告大客户代表/双休/五险一金,"渠道销售
面销/陌拜"
销售大区经理,
销售助理,"电子/半导体
企业客户
全国"
高级营销经理,"政府客户
TOG"
大客户开发经理/五险一金/双休法休,区域销售
系统集成销售经理,"软件行业
互联网行业"
大客户销售专员,"渠道销售
面销/陌拜
区域销售"
大客户销售+4200底薪,大客户（KA）
b端大客户代表,"面销/陌拜
政企线上采购
B2B
集采"
大客户代表,
塑料销售经理,区域销售
区域销售（教育大数据）,"区域销售
高校客户"
业务经理/总监（团队引进）,渠道销售
业务经理,"面销/陌拜
会议/会展销售
适应出差"
钢材业务经理,
大客户开发总监+五险一金,大客户（KA）
大客户销售经理/电子制造行业,渠道销售
养老社区销售,"KA大客户
个人客户
政府客户
电话销售
渠道销售
面销/陌拜
基金从业资格证
保险从业资格证
银行从业资格证"
资深养老顾问,"KA大客户
个人客户
政府客户
老客户维护
渠道销售
会销
银行从业资格证
证券从业资格证
基金从业资格证"
周末双休＋高净值客户资源＋节日福利（公司氛围好 不加班）,
双休社区维护+朝九晚六+月均1w 梦中情岗，就是你想要的好工作,"企业客户
KA大客户
个人客户
面销/陌拜
网络销售
电话销售"
客户经理,"院校客户
医疗客户
金融客户"
天津大港客户经理,"门店销售
渠道销售"
客户经理（化妆品）,
快乐双休/六险一金/精准客户/收入1.5W+,"个人客户
企业客户
面销"
五险一金+给客资+社区网格+双休不加班,"五险一金
不接受居家办公
周末双休
有一定销售性质
无需坐班"
项目经理,"面销/陌拜
网络销售
地推"
武清 五险一金 双休 客户资源下发,"销售
综合金融"
客户经理（一大区）,
保险理财顾问,"KA大客户
企业客户
个人客户
电话销售
网络销售
渠道销售"
五险一金/双休 高净值客户资源下发，收入保障,
大港-15k-20k 五险一金 双休,
中国人寿综合金融专员,"企业客户
个人客户
善于与人打交道"
金融销售,
客户经理（天津）,"KA大客户
企业客户
机构客户"
金融销售顾问,"KA大客户
企业客户
政府客户
电话销售
网络销售
面销/陌拜
银行从业资格证
证券从业资格证
基金从业资格证"
社区客户经理＋早九晚六＋周末双休＋法定假期带薪休假＋团队工作氛围nice,"KA大客户
个人客户
门店销售
渠道销售
电话销售"
平安综合金融,"个人客户
企业客户"
央企档案管理员双休,档案录入
档案管理资料员,"档案录入
档案整理
保密管理"
综合及档案管理,"档案整理
档案管理体系建设"
天津档案扫描录入员140/天,档案数字化
职称落户档案专员,劳动法
综合行政与档案实习生,
档案扫描文员,"档案录入
档案整理
档案数字化"
售后档案管理员双休不加班 6-11K 13薪,档案整理
档案数字化专员,"档案整理
档案录入
档案扫描"
档案文员-天津项目,档案整理
档案数字化项目经理,"档案数字化
档案管理体系建设
档案整理"
法务助理,中型企业
法务专员,"律师执业证
集团公司
司法仲裁
合同事务
股权业务
大型企业
法律职业资格证"
集团法务专员,
行政法务专员（总经理助理）,"劳动纠纷
知识产权业务
司法仲裁"
法务专员物业方向,"债权债务
律师事务所
司法仲裁"
公司法务,集团公司
制造业（机械、装备制造）-法务专员,合规管理
高级法务专员,"英语四级以上
英语基本读写能力
律师事务所
外资企业
上市企业
律师执业证
A类法律职业资格证
B类法律职业资格证
知识产权业务
司法仲裁
债权债务"
调解员（法学背景）,
董事长助理-法务,"劳动纠纷
司法仲裁"
金融调解,"债权债务
调解中心"
合规法务专员,合同事务
律师团队秘书,
企业直签【法务专员】六险一金双休,"劳动纠纷
合同事务
大型企业
中型企业
集团公司"
法务律师,"劳动纠纷
司法仲裁
合同事务
律师事务所
律师执业证"
新媒体文案编辑,6000-7000元
新媒体运营,6000-12000元
新媒体编辑实习岗,1000-2000元
新媒体推广专员,4000-6000元
新媒体编辑,5000-7000元
电话销售（周末双休）,"KA大客户
企业客户
政府客户"
线上销售顾问,电话销售
车险客服（电话销售）,"企业客户
个人客户
销售
客服
电话"
售前客服,个人客户
世界500强企业！营销专员！免费下午茶！,"呼叫热线客服
在线客服 / 电话客服/网络客服
接听客服/投诉客服/外呼客服
企业客户
个人客户
KA大客户"
你来我就招（不加班 无KPI 无责7K）,"没有绩效考核
交通便利 近地铁
5A办公区"
汽车电话邀约专员,
诚招销售人员无责底薪6800,"物流仓储
KA大客户
企业客户
医疗机构"
天津各区招销售专员无责底薪6800+提成,"企业客户
个人客户
院校客户"
电销专员,"KA大客户
企业客户
院校客户"
车险续费办公室坐席+入职快,个人客户
电话外呼客服专员,个人客户
应届生+包住宿+销售,
五险一金/车险续保坐席 7000+,个人客户
SaaS软件销售,
高薪销售-食堂宿舍有双休（MJ025499）,"KA大客户
企业客户
个人客户"
弱电电销主管,"企业客户
电销"
销售客服专员（六险一金、双休、17天年假)（MJ023785）,"企业客户
KA大客户"
车险续保招聘 底薪2250+高提成 五险一金,"企业客户
KA大客户"
DCC邀约专员/电话客服,网电销专员
销售专员 双休 包吃包住,"销售专员
院校客户"
车险续保客服（五险双休）,"客服
销售"
车源销售+双休五险一金(J34605),
胖东来待遇/无责7K/轻松月入过万,"工作氛围轻松
全靠自觉
办公室坐班"
公司提供客源-坐班销售（MJ025499）,"KA大客户
企业客户
个人客户"
?? 岗位：互联网电销管培生（不是助贷 + 线下培养）,"企业客户
个人客户
KA大客户
云智汇创期待你的面试"
电话销售（近地铁3号线）,"企业客户
政府客户
院校客户
电话销售经验
挖掘客户需求能力"
销售客服-LBG(J30565),
货运代理销售员,"课程销售
外贸销售
货代销售"
电话销售,邀约专员
天津汽车行业电话销售+五险一金+分配客户(J29375),企业客户
汽车DCC专员,
课程顾问—底薪5k试用期不打折，五险一金,
天津：电话销售-五险一金，提供住宿班车(J35049),
家政电话销售-培训课程顾问,
课程销售专员（精准客户，五险一金）,
电销团队主管(J35161),"电话销售
销售管理经验
二手车"
电话销售 团体标准招商 双休 不加班 （武清）,"会议/展览
人工智能
物联网
广告行业
教育培训"
红旗4S店邀约专员,
会说话就能干的销售岗-五险一金(J29375),"TO B
电销"
网销招生顾问,"个人客户
院校客户
医疗机构
网络销售
销售专员
招生老师"
网络咨询师（产后康复科）,
国央企上班-底薪7K+入职当月6险1金-高端新能源-DCC汽车线索挖掘,"线下办公
抖音"
私域销售主管,
新能源汽车网销专员DCC,
网络咨询师,个人客户
网络销售,"企业客户（2B）
个人客户（2C）
大客户（KA）
销售专员
建筑业"
网络坐班销售双休五险一金,"面销/陌拜
渠道销售"
贝壳，链家地产，高薪聘销售，高提成，五险一金，晋升快,
电话销售五险双休,机械/重工
无责四千+40%提成+50个电话,个人客户
电商平台销售经理,"代理商销售
面销/陌拜
区域销售
政府客户
企业客户"
市区-新房销售-自媒体销售-房产销售-每月固定客资,"自媒体
房产销售
入职送客资"
必须双休10号发薪！大公司销售(J10217),
汽车网销专员,个人客户
英语外贸业务员,
研发部内勤,"接待事务
内勤管理
后勤管理"
行政专员/助理,
综合部行政专员（上8：30-下17：00，双休，国企外包岗）,"内勤管理
接待事务
后勤管理"
行政助理双休,"接待事务
内勤管理
企业文化"
职能部门文员,"办公自动化
固定资产管理
资料管理
物业管理"
行政文员,
行政专员（IT方向）,
综合商务行政助理,"接待事务
固定资产管理
采购事务"
综合服务专员,
行政助理文员,"财务经验
采购事务
标书"
航空办公室行政文员（双休+五险一金）,"双休
免费安置就业
内勤管理
后勤管理
五险一金/六险二金
接待事务"
综合行政专员实习生,"内勤管理
后勤管理"
主任 助理,"内勤管理
接待事务
后勤管理"
销售业务岗（材料贸易方向）,
静海—双休/五险一金/下发客户资源,"KA大客户
企业客户"
销售代表-天津（宝坻区）,"快消品
食品/饮料
销售专员
渠道销售
门店销售
面销
地推销售"
健康水顾问,"地推销售
面销/陌拜"
西青—双休/五险一金/下发客户资源,"KA大客户
企业客户"
涂料销售经理,"企业客户
政府客户
渠道销售
地推销售
代理商销售"
手机业务人员,"面销/陌拜
门店销售"
家门口的好工作＋早九晚六＋双休法休＋收入稳定＋提供良好的晋升渠道＋拒绝加班＋客户经理,"销售
理赔
个人客户
KA大客户
渠道销售
门店销售"
字节跳动商家BD-正编,"KA大客户
企业客户
面销/陌拜
地推销售
渠道销售"
无人机销售经理,
知识产权顾问 双休,
销售代表/接受实习生/底薪+提成/就近分配/晋升快 8,"店员销售
房地产销售"
高端医疗险健康顾问,"KA大客户
企业客户
个人客户
电话销售
网络销售
渠道销售"
8000k/月销售专员,"电话销售
代理商销售
渠道销售"
电话销售业务员,"面销/陌拜
门店销售"
日用品销售专员,
司法鉴定市场开发,"面销/陌拜
电话销售"
商务顾问/双休/五险一金 (MJ025536),"个人客户
企业客户
电话销售
网络销售"
00后销售团队+高提成+住宿全免,网络销售
市区销售/无责底薪4K/双休(MJ025536),"企业客户
个人客户
网络销售
电话销售"
科研销售代表,
塑料管业销售,"企业客户
政府客户"
老板00后+无责4000+5%提成+免费住宿、免费旅游,网络销售
销售业务代表,"个人客户
渠道销售
门店销售
快消品行业
面销
有快消品经验优先考虑
优先考虑河东区东丽区"
建材工程材料销售（五险一金+行业top+不坐班）,"建筑铝模板销售
建筑工程材料销售
总包单位客户开发
国央企大客户销售
房地产项目建材销售"
养老社区顾问,"KA大客户
个人客户
政府客户
渠道销售
会议/会展销售
代理商销售"
销售人员,"态度积极，责任心强
个人客户
面销/陌拜"
祖马龙柜台销售,香水销售
LBG销售顾问（AH）(J30455),
酒水销售,"企业客户
个人客户
渠道销售
电话销售
地推销售"
销售顾问 六日双休 五险一金,
大厂销售【入职缴纳五险一金+高低温补贴】(J29594),"企业客户
面销/陌拜
电话销售
地推销售"
店面销售顾问,"企业客户
KA大客户
政府客户
面销/陌拜
门店销售
电话销售"
口腔产品销售,"渠道销售
面销/陌拜
地推销售
社区
个人客户
医疗机构"
天津高薪销售(J35455) (MJ025510),"企业客户
面销/陌拜"
天津河东区-五险一金-双休-化工润滑油销售,
【天津】无责底薪+提成+双休+销售代表(J26618),"企业客户
个人客户
KA大客户
电话销售
面销/陌拜
网络销售"
器材销售经理,"KA大客户
企业客户
政府客户"
红牛公司销售代表/业务员（塘沽区）,门店销售
Tob销售（58同城直招+六险一金+无责底薪+小师傅带教+包资源！）(J31488),"个人客户
企业客户
电话销售
网络销售"
区域销售代表,"销售
客户经理
业务经理"
品牌销售顾问,"网络销售
门店销售
直播销售"
天津优信拍买家服务顾问-五险一金-高收入(J34827),"电话销售
地推销售"
销售代表-合署（天津）,"个人客户
面销/陌拜
门店销售"
红牛公司 业务司机（滨海新区）,
销售经理（机械行业双休吃住）,机械/重工
区域BD销售入职买六险一金有双休(J31265),
销售业务员,
饮料销售业务员-静海-【六险一金】,"面销/陌拜
陈列
网点开发
终端销售"
高薪销售顾问（LBG）-YL(J19530),
国内业务员,"渠道销售
企业客户"
销售会籍顾问,"电话销售
网络销售
渠道销售"
tob销售（客源公司提供+高温取暖补贴等）(J34214),"KA大客户
企业客户
政府客户
电话销售
面销/陌拜
网络销售
B端客户
TOB
广告销售"
化工产品销售,行业经验
红酒销售代表（全职/兼职）,"面销/陌拜
渠道销售
代理商销售"
售后前台（保养接待）,4S店售后
投融资总监,股权投资
金融投资总监/董事 | 诚邀银行对公、大型企业投融资精英（福建全省）,"证券产品
供应链融资产品
银行产品
银行从业资格证
证券从业资格证
基金从业资格证
融资租赁
银行对公
政府平台"
投融资咨询师实习生（武汉）,
投融资业务经理 双休,"金融衍生品
银行产品
基金产品
证券从业资格证
银行从业资格证
期货从业资格证"
投资顾问,"金融衍生品
第三方理财产品
证券产品"
项目投融资拓展负责人,
投资岗,"基金从业资格证
证券从业资格证"
综合总助,
大客户经理-薪资面谈,供应链融资产品
投融资助理,"金融
项目管理
形象气质佳"
投资融资专员,
主任投资专员（佛山）(004968),"证券产品
银行产品
基金产品
证券从业资格证
基金从业资格证
投资顾问从业资格证"
投资分析师,"金融衍生品
证券产品
基金产品
银行从业资格证
会计从业资格证书
投资顾问从业资格证"
投融资与合规会计（融资、业财一体化）,
【金融投资总监】-聚焦中大民企-港股上市金融集团-弹性工作,"金融衍生品
证券产品
供应链融资产品
银行从业资格证
证券从业资格证
基金从业资格证
能源行业
行长
金融背景"
梅花集团2026届致远计划管培生-投融资,
国资背景-诚聘文旅/交通/化工/民生/电子/机械板块承揽岗/金融业务专家-灵活办公薪酬佳，业务全国可做！,"金融衍生品
银行产品
供应链融资产品
行长/副行长/对公客户主任
投融资总监
供应链金融总监"
资本运作岗,资本运作
资本运作高级专业经理,资本运作
高级业务经理（重大项目）,
福建分公司-财富管理部营销岗,"财富管理
财富营销
投资理财
证券从业资格证"
分析师,"行业研究
投资分析
财务测算
报告编写
PPP投资
企业投融资部门
平台公司
分析师"
乒乓球体育老师,喜欢乒乓球
体育培训师,"体智能
小学教育
集体授课"
体育用品零售行业数据分析岗,"数据治理
数据挖掘
报表开发
ppt
零售商品"
体育销售经理 塑胶跑道业务员,"销售经理
个人客户
院校客户
企业客户
面销/陌拜
电话销售
渠道销售"
体育销售顾问,"门店销售
网球、体育、健身"
群力中考体育教练五险高提成供午餐免费健身,"集体授课
小班授课
田径
篮球
初中教育
小学教育"
体育市场营销,"市场推广
市场拓展
整合营销
公关营销"
体育场馆运营主管,线下活动
体育赛事招商经理,"区域销售
KA大客户
政府客户
企业客户"
体育行业销售经理,"体育场馆
市场营销"
高中体育教师,"田径
高中教育
集体授课
高中体育教师资格证
教师"
乒乓球体育教练,喜欢体育
小学体育老师,"体育教育
教师"
产品经理（AI体育）,
双语体育教师,"集体授课
小班授课
初中教育
小学教育
高中教育
高中体育教师资格证
初中体育教师资格证
小学体育教师资格证"
小学体育教师,"授课老师
线下教育"
国际学校IB MYP初中体育老师（要求体育中考经验）,"篮球
足球
初中教育
集体授课
初中体育教师资格证
高中体育教师资格证
橄榄球"
体育培训市场专员,"市场营销
市场推广
市场运营"
体育场地铁口/高提成/免费住宿,"包住
可晋升
提成上不封顶
公司提供资源"
体育馆长,培训机构
教官辅导员/体育老师/个子180,退伍军人
兼职(线上)留学生辅导计算机社会政治哲学,线上授课
儿童哲学教师,"语文
授课老师
儿童哲学"
哲学编辑,"杂志
报纸
图书
文字编辑
策划编辑
版权编辑"
中国哲学(儒学方向)专任教师,大学教师
数学编辑与翻译，物理编辑与翻译，科学史与科学哲学编辑与翻译,"出版
图书
全职
编辑经验"
西方哲学编辑,"图书
杂志
新媒体
策划编辑
版权编辑
文字编辑"
【逻辑学标注 双休法休】,"逻辑学
法学
哲学
数学类
计算机类
语言学
教育学"
东方哲学编辑,"杂志
新媒体
图书
策划编辑
文字编辑
版权编辑"
国学课程研发师（兼职）,"文科
哲学
教研"
线上考研专业课讲师,"哲学
法学
心理学
医学
农学
工学
理学
授课教师
线上教育
历史学
教育学"
高中政治教师,"政治
高中
小班授课
高中政治
哲学
马克思主义"
儒释道传统文化兼职研究员,"语文
哲学
一对一授课
教研"
绩点辅导老师（专业课&通识课）,"英语
政治
数学
哲学
法学
心理学
医学
经济学
教育学
历史学
理学"
考研咨询师,"线下教育
线上教育
英语
政治
数学
考研面试
哲学
法学
心理学
医学
管理学"
马克思主义学院专职教师,"思想政治教育
马克思主义理论
哲学"
环境管理岗,交通枢纽
it项目管理,
催收管理/催收专员（公司直招，不收取任何费用，无责底薪+高额提成+奖励+坐办公室）,"电话客服
网络客服
全白班
VIP客服"
仓库管理工程师,"仓管
跟单
英语口语"
车辆档案管理员,"档案收集
档案整理
档案录入"
办事处业务管理,
pm项目管理,
综合管理--双休,"市场分析
管理
市场规划"
医养项目管理经理（分配意向客户+双休）,"网络销售
会议/会展销售
渠道销售
KA大客户
企业客户
个人客户
养老险
财产险"
汽车质量管理部门助理,"ppt
英语"
营养健康管理师,"儿童营养
健身营养
一级公共营养师
二级公共营养师
三级公共营养师
四级公共营养师"
新能源 生产厂区物料管理员,"五险一金
转正双休
生产物料管理
设备管理
质量管理"
周末双休---销售协助管理,"运营
策划"
健康管理师健康管理教练营养师,"产后营养
儿童营养
动物营养
健身营养
病患营养
一级公共营养师
二级公共营养师
三级公共营养师
四级公共营养师"
酒店运营管理主管,"星级酒店
快捷酒店
经济型酒店
薪资需要投简历面谈
必须有经验的"
库房管理员,
农场种菜/花卉养护/菜地管理4000-5000元+60~70岁+大龄工,"蔬菜类
水果类
谷类
温室大棚
病虫害防治
有机种植"
档案管理员上六休一无需经验,"档案录入
档案整理"
事业管理职,"市场管理
销售管理
战略管理"
亚健康管理顾问,"电话销售
网络销售"
